title,url,page_url,width,height,mime,sha1,uploaded,uploader,licence,licence_url,author,date_taken,description,subject,raw_path
File:Annie Lööf 2018-08-01 Tarby Gård (28924544337).jpg,https://upload.wikimedia.org/wikipedia/commons/4/4c/Annie_L%C3%B6%C3%B6f_2018-08-01_Tarby_G%C3%A5rd_%2828924544337%29.jpg?utm_source=commons.wikimedia.org&utm_campaign=imageinfo&utm_content=original,https://commons.wikimedia.org/wiki/File:Annie_L%C3%B6%C3%B6f_2018-08-01_Tarby_G%C3%A5rd_(28924544337).jpg,6720,4480,image/jpeg,4aeb566d9d3b90779fb1028265bdcd2074c1d801,2018-08-06T23:26:00Z,Kaiketsu,CC BY 2.0,https://creativecommons.org/licenses/by/2.0,Centerpartiet (official),2018-08-01 11:28,Centerpartiets partiledare Annie Lööf besöker Tarby Gård i Vallentuna.,loof,../data/raw/loof/4aeb566d9d3b90779fb1028265bdcd2074c1d801.jpg
File:2018-06-11 Tal och PK på Järvaveckan (42035445194).jpg,https://upload.wikimedia.org/wikipedia/commons/4/44/2018-06-11_Tal_och_PK_p%C3%A5_J%C3%A4rvaveckan_%2842035445194%29.jpg?utm_source=commons.wikimedia.org&utm_campaign=imageinfo&utm_content=original,https://commons.wikimedia.org/wiki/File:2018-06-11_Tal_och_PK_p%C3%A5_J%C3%A4rvaveckan_(42035445194).jpg,6720,4480,image/jpeg,07334f64a6a4408ea64a3d4ad78845c4456ba069,2018-06-26T21:39:33Z,Kaiketsu,CC BY 2.0,https://creativecommons.org/licenses/by/2.0,Centerpartiet (official),2018-06-11 19:17,2018-06-11 Tal och PK på Järvaveckan,loof,../data/raw/loof/07334f64a6a4408ea64a3d4ad78845c4456ba069.jpg
File:Annie Lööf Presskonferens (28103340085).jpg,https://upload.wikimedia.org/wikipedia/commons/4/44/Annie_L%C3%B6%C3%B6f_Presskonferens_%2828103340085%29.jpg?utm_source=commons.wikimedia.org&utm_campaign=imageinfo&utm_content=original,https://commons.wikimedia.org/wiki/File:Annie_L%C3%B6%C3%B6f_Presskonferens_(28103340085).jpg,5472,3648,image/jpeg,9f280cc0076be29c240bfb23ad4b00decd46c0a9,2016-09-09T07:38:36Z,Kaiketsu,CC BY 2.0,https://creativecommons.org/licenses/by/2.0,Centerpartiet (official),2016-07-04 11:48,Annie Lööf presenterar rapport - Alla jobb behövs,loof,../data/raw/loof/9f280cc0076be29c240bfb23ad4b00decd46c0a9.jpg
File:Besök på Gekås 2017-12-01 (39859166272).jpg,https://upload.wikimedia.org/wikipedia/commons/7/7a/Bes%C3%B6k_p%C3%A5_Gek%C3%A5s_2017-12-01_%2839859166272%29.jpg?utm_source=commons.wikimedia.org&utm_campaign=imageinfo&utm_content=original,https://commons.wikimedia.org/wiki/File:Bes%C3%B6k_p%C3%A5_Gek%C3%A5s_2017-12-01_(39859166272).jpg,6720,4480,image/jpeg,bd8d48da02fd7cc62fea95f6bdc7a2d4108ebb72,2018-05-08T18:50:00Z,Kaiketsu,CC BY 2.0,https://creativecommons.org/licenses/by/2.0,Centerpartiet (official),2017-12-01 16:01,Besök på Gekås 2017-12-01,loof,../data/raw/loof/bd8d48da02fd7cc62fea95f6bdc7a2d4108ebb72.jpg
File:L1410094 (33958774538).jpg,https://upload.wikimedia.org/wikipedia/commons/a/ab/L1410094_%2833958774538%29.jpg?utm_source=commons.wikimedia.org&utm_campaign=imageinfo&utm_content=original,https://commons.wikimedia.org/wiki/File:L1410094_(33958774538).jpg,3000,2000,image/jpeg,29217492ef05cd48edb05afcf018e70dd091612d,2019-06-21T00:13:15Z,Kaiketsu,CC BY 2.0,https://creativecommons.org/licenses/by/2.0,Centerpartiet (official),2019-04-26 13:31,L1410094,loof,../data/raw/loof/29217492ef05cd48edb05afcf018e70dd091612d.jpg
File:Centerpartiet Kommundagarna 2017 (33568019741).jpg,https://upload.wikimedia.org/wikipedia/commons/7/79/Centerpartiet_Kommundagarna_2017_%2833568019741%29.jpg?utm_source=commons.wikimedia.org&utm_campaign=imageinfo&utm_content=original,https://commons.wikimedia.org/wiki/File:Centerpartiet_Kommundagarna_2017_(33568019741).jpg,4928,3280,image/jpeg,aec9fa4984c518adfa64d9078517430eb7580ade,2017-05-08T22:44:05Z,Kaiketsu,CC BY 2.0,https://creativecommons.org/licenses/by/2.0,Centerpartiet (official),2017-02-06 17:40,"Kommundagarna är Centerpartiets största årliga återkommande arrangemang där Centerpartiets ledande företrädare i kommuner, landsting och regioner samlas. 2017 arrangeras kommundagarna den 3- 4 februari på Clarion Hotel Post i Göteborg.",loof,../data/raw/loof/aec9fa4984c518adfa64d9078517430eb7580ade.jpg
File:Annie Lööf - EU-valvaka 2014 (14280900604).jpg,https://upload.wikimedia.org/wikipedia/commons/4/4d/Annie_L%C3%B6%C3%B6f_-_EU-valvaka_2014_%2814280900604%29.jpg?utm_source=commons.wikimedia.org&utm_campaign=imageinfo&utm_content=original,https://commons.wikimedia.org/wiki/File:Annie_L%C3%B6%C3%B6f_-_EU-valvaka_2014_(14280900604).jpg,5184,3456,image/jpeg,53f04c7138f37bcb4e24d7d971982318e6c2d122,2016-09-10T13:31:55Z,Kaiketsu,CC BY 2.0,https://creativecommons.org/licenses/by/2.0,Centerpartiet (official),2014-05-25 22:51,Annie Lööf - EU-valvaka 2014,loof,../data/raw/loof/53f04c7138f37bcb4e24d7d971982318e6c2d122.jpg
File:Annie Lööf 2018-08-24 Kungsholmstorg (43521561894).jpg,https://upload.wikimedia.org/wikipedia/commons/8/81/Annie_L%C3%B6%C3%B6f_2018-08-24_Kungsholmstorg_%2843521561894%29.jpg?utm_source=commons.wikimedia.org&utm_campaign=imageinfo&utm_content=original,https://commons.wikimedia.org/wiki/File:Annie_L%C3%B6%C3%B6f_2018-08-24_Kungsholmstorg_(43521561894).jpg,6720,4480,image/jpeg,f8ff24197f1c12d581d15a0bdb15a5e16ebb0fb8,2018-08-25T12:00:57Z,Kaiketsu,CC BY 2.0,https://creativecommons.org/licenses/by/2.0,Centerpartiet (official),2018-08-24 12:33,2018-08-24 PK Kungsholmstorg,loof,../data/raw/loof/f8ff24197f1c12d581d15a0bdb15a5e16ebb0fb8.jpg
File:Annie Lööf Sommartal 2015 (20270133514).jpg,https://upload.wikimedia.org/wikipedia/commons/0/0a/Annie_L%C3%B6%C3%B6f_Sommartal_2015_%2820270133514%29.jpg?utm_source=commons.wikimedia.org&utm_campaign=imageinfo&utm_content=original,https://commons.wikimedia.org/wiki/File:Annie_L%C3%B6%C3%B6f_Sommartal_2015_(20270133514).jpg,5456,3632,image/jpeg,5b1ef4e75e5c1274da65be138358f6ac6f91d572,2016-09-10T15:33:10Z,Kaiketsu,CC BY 2.0,https://creativecommons.org/licenses/by/2.0,Centerpartiet (official),2015-08-25 09:59,Annie Lööf Sommartal 2015.,loof,../data/raw/loof/5b1ef4e75e5c1274da65be138358f6ac6f91d572.jpg
File:2018-08-03 Centerpartiets valkonvent (43140540394).jpg,https://upload.wikimedia.org/wikipedia/commons/9/92/2018-08-03_Centerpartiets_valkonvent_%2843140540394%29.jpg?utm_source=commons.wikimedia.org&utm_campaign=imageinfo&utm_content=original,https://commons.wikimedia.org/wiki/File:2018-08-03_Centerpartiets_valkonvent_(43140540394).jpg,6720,4480,image/jpeg,291c7b3135c5d0d3467d2d43b83f983d910f7e3f,2018-08-08T12:35:57Z,Kaiketsu,CC BY 2.0,https://creativecommons.org/licenses/by/2.0,Centerpartiet (official),2018-08-03 11:05,"Centerpartiets partiledare Annie Lööf talar på partiets valkonvent i Annexet, Johanneshov, Stockholm.",loof,../data/raw/loof/291c7b3135c5d0d3467d2d43b83f983d910f7e3f.jpg
File:Centerpartiets partistämma 2017 (36720757283).jpg,https://upload.wikimedia.org/wikipedia/commons/4/49/Centerpartiets_partist%C3%A4mma_2017_%2836720757283%29.jpg?utm_source=commons.wikimedia.org&utm_campaign=imageinfo&utm_content=original,https://commons.wikimedia.org/wiki/File:Centerpartiets_partist%C3%A4mma_2017_(36720757283).jpg,2048,1363,image/jpeg,19dcfbfd5f64e124e3017ea664a5d2b593011a96,2017-10-08T01:17:13Z,Kaiketsu,CC BY 2.0,https://creativecommons.org/licenses/by/2.0,Centerpartiet (official),2017-09-28 18:16,Centerpartiets partistämma 2017,loof,../data/raw/loof/19dcfbfd5f64e124e3017ea664a5d2b593011a96.jpg
File:2018-06-11 Tal och PK på Järvaveckan (42703819022).jpg,https://upload.wikimedia.org/wikipedia/commons/8/89/2018-06-11_Tal_och_PK_p%C3%A5_J%C3%A4rvaveckan_%2842703819022%29.jpg?utm_source=commons.wikimedia.org&utm_campaign=imageinfo&utm_content=original,https://commons.wikimedia.org/wiki/File:2018-06-11_Tal_och_PK_p%C3%A5_J%C3%A4rvaveckan_(42703819022).jpg,6474,4316,image/jpeg,58d08a7884a94d256fdd5b61177772af75ce5c4a,2018-06-26T21:39:12Z,Kaiketsu,CC BY 2.0,https://creativecommons.org/licenses/by/2.0,Centerpartiet (official),2018-06-11 19:23,2018-06-11 Tal och PK på Järvaveckan,loof,../data/raw/loof/58d08a7884a94d256fdd5b61177772af75ce5c4a.jpg
File:20201002 Ugebrev News Oresund (50414888328).jpg,https://upload.wikimedia.org/wikipedia/commons/1/11/20201002_Ugebrev_News_Oresund_%2850414888328%29.jpg?utm_source=commons.wikimedia.org&utm_campaign=imageinfo&utm_content=original,https://commons.wikimedia.org/wiki/File:20201002_Ugebrev_News_Oresund_(50414888328).jpg,6362,4244,image/jpeg,ccb153911ac9da46163f371332878dab5ffbbf66,2021-03-11T16:42:55Z,Matlin,CC BY 2.0,https://creativecommons.org/licenses/by/2.0,Johan Wessman / News Oresund,2020-10-04 08:56,"News Øresund är en oberoende regional nyhetsbyrå som rapporterar om den gränsregionala utvecklingen i Öresundsregionen samt om Danmark för svenska läsare och om Sverige för danska läsare. News Øresund startade 2012 som ett Interregprojekt mellan Øresundsinstituttet, Lunds universitet och Roskilde universitet med finansiering från EU och regionala aktörer. Sedan 2015 ingår News Øresund i Øresundsinstituttet. Øresundsinstituttet är ett oberoende dansk-svenskt kunskapscentrum som genom analyser, fakta, konferenser och medieverksamhet bidrar till en ökad kännedom om utvecklingen i regionen. Verksamheten drivs utan vinstintresse och med finansiering av ett drygt 100-tal medlemmar från stat, regioner, kommuner, universitet, högskolor och det privata näringslivet. Photo: News Øresund - Johan Wessman © News Øresund - Johan Wessman (CC BY 3.0). Detta verk av News Øresund är licensierat under en Creative Commons Erkännande 3.0 Unported-licens (CC BY 3.0). Bilden får fritt publiceras under förutsättning att källa anges. .The picture can be used freely under the prerequisite that the source is given. News Øresund, Malmö, Sweden News Øresund är en oberoende regional nyhetsbyrå som är en del av det oberoende dansk-svenska kunskapscentrat Øresundsinstituttet.. &lt;a href=""http://www.newsoresund.org"" rel=""noreferrer nofollow""&gt;www.newsoresund.org&lt;/a&gt;. &lt;a href=""http://www.oresundsinstituttet.org"" rel=""noreferrer nofollow""&gt;www.oresundsinstituttet.org&lt;/a&gt;",loof,../data/raw/loof/ccb153911ac9da46163f371332878dab5ffbbf66.jpg
File:2018-08-16 Ramvik Folketshus (29215259017).jpg,https://upload.wikimedia.org/wikipedia/commons/3/30/2018-08-16_Ramvik_Folketshus_%2829215259017%29.jpg?utm_source=commons.wikimedia.org&utm_campaign=imageinfo&utm_content=original,https://commons.wikimedia.org/wiki/File:2018-08-16_Ramvik_Folketshus_(29215259017).jpg,6720,4480,image/jpeg,c1ac99c2bcf2c6d9a576032e6cd89ce61319c702,2018-08-20T14:30:38Z,Kaiketsu,CC BY 2.0,https://creativecommons.org/licenses/by/2.0,Centerpartiet (official),2018-08-16 18:02,"Centerpartiets partiledare Annie Lööf i Ramvik, Ångermanland.",loof,../data/raw/loof/c1ac99c2bcf2c6d9a576032e6cd89ce61319c702.jpg
File:Almedalsveckan Visby Annie Loof Centerpartiets partiledartal 20160704 0009 (27488618273).jpg,https://upload.wikimedia.org/wikipedia/commons/a/aa/Almedalsveckan_Visby_Annie_Loof_Centerpartiets_partiledartal_20160704_0009_%2827488618273%29.jpg?utm_source=commons.wikimedia.org&utm_campaign=imageinfo&utm_content=original,https://commons.wikimedia.org/wiki/File:Almedalsveckan_Visby_Annie_Loof_Centerpartiets_partiledartal_20160704_0009_(27488618273).jpg,4896,3264,image/jpeg,2c546d5c14bb94916e9c8171cafc9e62a1429ab0,2016-09-11T01:49:54Z,Kaiketsu,CC BY 2.0,https://creativecommons.org/licenses/by/2.0,Johan Wessman / News Oresund,"Taken on 4 July 2016, 18:16:52 (according to Exif data)","Centerns partiledare Annie Lööf under sitt partiledaretal under Almedalsveckan i Visby 2016..Photo: News Øresund - Johan Wessman..© News Øresund - Johan Wessman (CC BY 3.0).. .Detta verk av News Øresund är licensierat under en Creative Commons Erkännande 3.0 Unported-licens (CC BY 3.0). Bilden får fritt publiceras under förutsättning att källa anges. .The picture can be used freely under the prerequisite that the source is given. News Øresund, Malmö, Sweden.News Øresund är en oberoende regional nyhetsbyrå som är en del av det oberoende dansk-svenska kunskapscentrat Øresundsinstituttet...www.newsoresund.org..www.oresundsinstituttet.org",loof,../data/raw/loof/2c546d5c14bb94916e9c8171cafc9e62a1429ab0.jpg
File:Annie Lööf (34594961453).jpg,https://upload.wikimedia.org/wikipedia/commons/d/dd/Annie_L%C3%B6%C3%B6f_%2834594961453%29.jpg?utm_source=commons.wikimedia.org&utm_campaign=imageinfo&utm_content=original,https://commons.wikimedia.org/wiki/File:Annie_L%C3%B6%C3%B6f_(34594961453).jpg,4817,3211,image/jpeg,6c291e748f2c8c3aa13700737bd47ae50f235bf6,2018-05-08T20:51:12Z,Kaiketsu,CC BY 2.0,https://creativecommons.org/licenses/by/2.0,Centerpartiet (official),2017-06-14 18:53,Annie Lööf talar på Centerpartiets dag på Politikeveckan i Järva 2017,loof,../data/raw/loof/6c291e748f2c8c3aa13700737bd47ae50f235bf6.jpg
File:Annie Lööf (18830551085).jpg,https://upload.wikimedia.org/wikipedia/commons/6/62/Annie_L%C3%B6%C3%B6f_%2818830551085%29.jpg?utm_source=commons.wikimedia.org&utm_campaign=imageinfo&utm_content=original,https://commons.wikimedia.org/wiki/File:Annie_L%C3%B6%C3%B6f_(18830551085).jpg,2649,4368,image/jpeg,aee92cade81d0c7df6bc717d4a2b04f5522e0f7c,2016-11-01T11:51:27Z,Kaiketsu,CC BY 2.0,https://creativecommons.org/licenses/by/2.0,Centerpartiet (official),2015-03-26 15:45,Annie Lööf. Foto Johan Jeppsson. Fotografens namn skall anges vid publicering. Bildem får inte säljas,loof,../data/raw/loof/aee92cade81d0c7df6bc717d4a2b04f5522e0f7c.jpg
File:Annie Lööfs sommartal 2016 (28777002264).jpg,https://upload.wikimedia.org/wikipedia/commons/8/8b/Annie_L%C3%B6%C3%B6fs_sommartal_2016_%2828777002264%29.jpg?utm_source=commons.wikimedia.org&utm_campaign=imageinfo&utm_content=original,https://commons.wikimedia.org/wiki/File:Annie_L%C3%B6%C3%B6fs_sommartal_2016_(28777002264).jpg,4900,3267,image/jpeg,69f0534ecba71ab2811dc482a470a3f76bfef4cb,2016-11-01T11:36:10Z,Kaiketsu,CC BY 2.0,https://creativecommons.org/licenses/by/2.0,Centerpartiet (official),2016-08-24 12:08,Annie Lööfs sommartal 2016,loof,../data/raw/loof/69f0534ecba71ab2811dc482a470a3f76bfef4cb.jpg
File:Annie Lööf ny partiledare 7.jpg,https://upload.wikimedia.org/wikipedia/commons/2/28/Annie_L%C3%B6%C3%B6f_ny_partiledare_7.jpg?utm_source=commons.wikimedia.org&utm_campaign=imageinfo&utm_content=original,https://commons.wikimedia.org/wiki/File:Annie_L%C3%B6%C3%B6f_ny_partiledare_7.jpg,2048,1363,image/jpeg,3b2a01d2532d62a2d123ef1864959789a1086072,2013-09-17T13:35:13Z,Russavia,CC BY 2.0,https://creativecommons.org/licenses/by/2.0,centerbilder,2011-09-23 03:45:43,Ange fotograf Patrick Trägårdh,loof,../data/raw/loof/3b2a01d2532d62a2d123ef1864959789a1086072.jpg
File:2018-07-03 Presskonferens Blå miljard (41927221880).jpg,https://upload.wikimedia.org/wikipedia/commons/0/00/2018-07-03_Presskonferens_Bl%C3%A5_miljard_%2841927221880%29.jpg?utm_source=commons.wikimedia.org&utm_campaign=imageinfo&utm_content=original,https://commons.wikimedia.org/wiki/File:2018-07-03_Presskonferens_Bl%C3%A5_miljard_(41927221880).jpg,5760,3840,image/jpeg,debb277be5084e214b1be6efcfa990a8121a27ce,2018-07-31T22:37:26Z,Kaiketsu,CC BY 2.0,https://creativecommons.org/licenses/by/2.0,Centerpartiet (official),2018-07-02 16:49,Annie Lööf Presskonferens om Blå miljarden Centerpartiets partiledare Annie Lööf under Almedalsveckan 2018.,loof,../data/raw/loof/debb277be5084e214b1be6efcfa990a8121a27ce.jpg
"File:Annie Lööf in Gothenburg, May, 2019 (47868352831).jpg",https://upload.wikimedia.org/wikipedia/commons/6/6a/Annie_L%C3%B6%C3%B6f_in_Gothenburg%2C_May%2C_2019_%2847868352831%29.jpg?utm_source=commons.wikimedia.org&utm_campaign=imageinfo&utm_content=original,"https://commons.wikimedia.org/wiki/File:Annie_L%C3%B6%C3%B6f_in_Gothenburg,_May,_2019_(47868352831).jpg",4954,3302,image/jpeg,9717f47aaa58abcda35098d04bae592dae92e666,2019-06-21T00:58:50Z,Kaiketsu,CC BY 2.0,https://creativecommons.org/licenses/by/2.0,Centerpartiet (official),2019-05-17 10:49,"Annie Lööf and Fredrick Federley in Gothenburg, May, 2019.",loof,../data/raw/loof/9717f47aaa58abcda35098d04bae592dae92e666.jpg
File:Annie Lööf Almedalen 2018 (43201715111).jpg,https://upload.wikimedia.org/wikipedia/commons/9/91/Annie_L%C3%B6%C3%B6f_Almedalen_2018_%2843201715111%29.jpg?utm_source=commons.wikimedia.org&utm_campaign=imageinfo&utm_content=original,https://commons.wikimedia.org/wiki/File:Annie_L%C3%B6%C3%B6f_Almedalen_2018_(43201715111).jpg,5184,3456,image/jpeg,25a54da84076be93cf1c0fab21aaebf13c4b009d,2018-07-05T15:14:47Z,Kaiketsu,CC BY-SA 2.0,https://creativecommons.org/licenses/by-sa/2.0,Poltikerveckan Almedalen,2018-07-04 12:40,IMG_0190,loof,../data/raw/loof/25a54da84076be93cf1c0fab21aaebf13c4b009d.jpg
File:2018-08-16 Annie Lööf Ramvik (29212840307).jpg,https://upload.wikimedia.org/wikipedia/commons/3/3a/2018-08-16_Annie_L%C3%B6%C3%B6f_Ramvik_%2829212840307%29.jpg?utm_source=commons.wikimedia.org&utm_campaign=imageinfo&utm_content=original,https://commons.wikimedia.org/wiki/File:2018-08-16_Annie_L%C3%B6%C3%B6f_Ramvik_(29212840307).jpg,6720,4480,image/jpeg,64973cee3945e691aa2d98876d4f7f0cce18f5f6,2018-08-20T14:25:39Z,Kaiketsu,CC BY 2.0,https://creativecommons.org/licenses/by/2.0,Centerpartiet (official),2018-08-16 14:21,"Presskonferens med Annie Lööf på Fälldins gård Ås i Ramvik. Centerpartiets partiledare Annie Lööf håller presskonferens tillsammans med Solveig Fälldin, änka till f.d. statsminister Thorbjörn Fälldin, på familjen Fälldins gård i Ramvik, Ångermanland.",loof,../data/raw/loof/64973cee3945e691aa2d98876d4f7f0cce18f5f6.jpg
File:Företagsbesök i Järfälla (40298925621).jpg,https://upload.wikimedia.org/wikipedia/commons/d/d6/F%C3%B6retagsbes%C3%B6k_i_J%C3%A4rf%C3%A4lla_%2840298925621%29.jpg?utm_source=commons.wikimedia.org&utm_campaign=imageinfo&utm_content=original,https://commons.wikimedia.org/wiki/File:F%C3%B6retagsbes%C3%B6k_i_J%C3%A4rf%C3%A4lla_(40298925621).jpg,6720,4480,image/jpeg,1061f34cdd65f7ba2ad1da0ff0d0b97caf8c75ad,2018-05-08T20:16:42Z,Kaiketsu,CC BY 2.0,https://creativecommons.org/licenses/by/2.0,Centerpartiet (official),2018-02-16 12:09,Besök på företaget solcellsföretaget Midsummer i Järfälla.,loof,../data/raw/loof/1061f34cdd65f7ba2ad1da0ff0d0b97caf8c75ad.jpg
File:Talet 222 (19484440732).jpg,https://upload.wikimedia.org/wikipedia/commons/4/4d/Talet_222_%2819484440732%29.jpg?utm_source=commons.wikimedia.org&utm_campaign=imageinfo&utm_content=original,https://commons.wikimedia.org/wiki/File:Talet_222_(19484440732).jpg,5184,3456,image/jpeg,ededb57c6a1088de5ebbdcce02ad7e5f8960ffca,2016-09-10T15:20:54Z,Kaiketsu,CC BY 2.0,https://creativecommons.org/licenses/by/2.0,Centerpartiet (official),2015-06-28 19:16,talet 222,loof,../data/raw/loof/ededb57c6a1088de5ebbdcce02ad7e5f8960ffca.jpg
File:2018-07-30 Almedalstalet (43737572641).jpg,https://upload.wikimedia.org/wikipedia/commons/2/23/2018-07-30_Almedalstalet_%2843737572641%29.jpg?utm_source=commons.wikimedia.org&utm_campaign=imageinfo&utm_content=original,https://commons.wikimedia.org/wiki/File:2018-07-30_Almedalstalet_(43737572641).jpg,5690,3793,image/jpeg,3b330450feae9bdd32784603b040134ac23330f4,2018-07-31T22:42:05Z,Kaiketsu,CC BY 2.0,https://creativecommons.org/licenses/by/2.0,Centerpartiet (official),2018-07-04 19:17,Centerpartiets partiledare Annie Lööf talar under Almedalsveckan 2018.,loof,../data/raw/loof/3b330450feae9bdd32784603b040134ac23330f4.jpg
File:National Day of Sweden 2016 55.jpg,https://upload.wikimedia.org/wikipedia/commons/6/6a/National_Day_of_Sweden_2016_55.jpg?utm_source=commons.wikimedia.org&utm_campaign=imageinfo&utm_content=original,https://commons.wikimedia.org/wiki/File:National_Day_of_Sweden_2016_55.jpg,2873,2873,image/jpeg,abb334f182f08775cb559de4bb57d7592b565a9f,2016-06-07T15:34:50Z,Bengt Nyman,CC BY-SA 4.0,https://creativecommons.org/licenses/by-sa/4.0,Bengt Nyman,2016-06-06 17:43:26,National Day of Sweden 2016 Skansen Stockholm Sweden 6 of June,loof,../data/raw/loof/abb334f182f08775cb559de4bb57d7592b565a9f.jpg
File:L1410120 (46919861375).jpg,https://upload.wikimedia.org/wikipedia/commons/a/ae/L1410120_%2846919861375%29.jpg?utm_source=commons.wikimedia.org&utm_campaign=imageinfo&utm_content=original,https://commons.wikimedia.org/wiki/File:L1410120_(46919861375).jpg,2000,3000,image/jpeg,28439c00d9770925d5d169710f75a4591238490a,2019-06-21T00:13:47Z,Kaiketsu,CC BY 2.0,https://creativecommons.org/licenses/by/2.0,Centerpartiet (official),2019-04-26 13:33,L1410120,loof,../data/raw/loof/28439c00d9770925d5d169710f75a4591238490a.jpg
"File:Göran Hägglund, Jan Björklund, Annie Lööf och Fredrik Reinfeldt, 2013-09-09 02.jpg",https://upload.wikimedia.org/wikipedia/commons/a/ab/G%C3%B6ran_H%C3%A4gglund%2C_Jan_Bj%C3%B6rklund%2C_Annie_L%C3%B6%C3%B6f_och_Fredrik_Reinfeldt%2C_2013-09-09_02.jpg?utm_source=commons.wikimedia.org&utm_campaign=imageinfo&utm_content=original,"https://commons.wikimedia.org/wiki/File:G%C3%B6ran_H%C3%A4gglund,_Jan_Bj%C3%B6rklund,_Annie_L%C3%B6%C3%B6f_och_Fredrik_Reinfeldt,_2013-09-09_02.jpg",4608,3456,image/jpeg,a13f46b64cf7237f44eed01f132500a3ada321b7,2013-09-10T09:28:22Z,Abbedabb,CC BY-SA 3.0,https://creativecommons.org/licenses/by-sa/3.0,Albin Olsson,2013-09-09 12:53:17,"Göran Hägglund, Jan Björklund, Annie Lööf and Fredrik Reinfeldt during a press conference in the store Clas Ohlson in the shopping mall Frölunda torg.",loof,../data/raw/loof/a13f46b64cf7237f44eed01f132500a3ada321b7.jpg
File:Annie Lööf - Almedalen 2014 (15061072015).jpg,https://upload.wikimedia.org/wikipedia/commons/1/1f/Annie_L%C3%B6%C3%B6f_-_Almedalen_2014_%2815061072015%29.jpg?utm_source=commons.wikimedia.org&utm_campaign=imageinfo&utm_content=original,https://commons.wikimedia.org/wiki/File:Annie_L%C3%B6%C3%B6f_-_Almedalen_2014_(15061072015).jpg,1920,1080,image/jpeg,28a2d63df340e2cc4a610cfbb6d5485aca289b19,2016-09-10T13:47:15Z,Kaiketsu,CC BY 2.0,https://creativecommons.org/licenses/by/2.0,Centerpartiet (official),2014-07-06 14:28,"Foto: Line Degerhammar, ForSure",loof,../data/raw/loof/28a2d63df340e2cc4a610cfbb6d5485aca289b19.jpg
File:Annie Lööf Almedalstal3 (28103305955).jpg,https://upload.wikimedia.org/wikipedia/commons/8/88/Annie_L%C3%B6%C3%B6f_Almedalstal3_%2828103305955%29.jpg?utm_source=commons.wikimedia.org&utm_campaign=imageinfo&utm_content=original,https://commons.wikimedia.org/wiki/File:Annie_L%C3%B6%C3%B6f_Almedalstal3_(28103305955).jpg,3354,5031,image/jpeg,66bddf30f505a02924e1db798d65133b9284cbd5,2016-09-09T07:38:13Z,Kaiketsu,CC BY 2.0,https://creativecommons.org/licenses/by/2.0,Centerpartiet (official),2016-07-04 19:11,Annie Lööf talar den 4 juli i Almedalen,loof,../data/raw/loof/66bddf30f505a02924e1db798d65133b9284cbd5.jpg
File:Annie Lööf - EU-valvaka 2014 (14094754420).jpg,https://upload.wikimedia.org/wikipedia/commons/1/16/Annie_L%C3%B6%C3%B6f_-_EU-valvaka_2014_%2814094754420%29.jpg?utm_source=commons.wikimedia.org&utm_campaign=imageinfo&utm_content=original,https://commons.wikimedia.org/wiki/File:Annie_L%C3%B6%C3%B6f_-_EU-valvaka_2014_(14094754420).jpg,5184,3456,image/jpeg,764501a8b20fa2bfd16a68d57aa086b5f6a17420,2016-09-10T13:32:03Z,Kaiketsu,CC BY 2.0,https://creativecommons.org/licenses/by/2.0,Centerpartiet (official),2014-05-25 22:49,Annie Lööf - EU-valvaka 2014,loof,../data/raw/loof/764501a8b20fa2bfd16a68d57aa086b5f6a17420.jpg
File:Centern kommundagar 2016-1015 (24716480752).jpg,https://upload.wikimedia.org/wikipedia/commons/4/43/Centern_kommundagar_2016-1015_%2824716480752%29.jpg?utm_source=commons.wikimedia.org&utm_campaign=imageinfo&utm_content=original,https://commons.wikimedia.org/wiki/File:Centern_kommundagar_2016-1015_(24716480752).jpg,2048,1363,image/jpeg,5134e8ccaf4694283c702aa12f31a516f3a12739,2016-09-09T07:50:32Z,Kaiketsu,CC BY 2.0,https://creativecommons.org/licenses/by/2.0,Centerpartiet (official),2016-02-05 14:23,Annie Lööf talar på kommundagarna 2016,loof,../data/raw/loof/5134e8ccaf4694283c702aa12f31a516f3a12739.jpg
File:2018-06-11 Tal och PK på Järvaveckan (42703783482).jpg,https://upload.wikimedia.org/wikipedia/commons/e/e7/2018-06-11_Tal_och_PK_p%C3%A5_J%C3%A4rvaveckan_%2842703783482%29.jpg?utm_source=commons.wikimedia.org&utm_campaign=imageinfo&utm_content=original,https://commons.wikimedia.org/wiki/File:2018-06-11_Tal_och_PK_p%C3%A5_J%C3%A4rvaveckan_(42703783482).jpg,4480,6720,image/jpeg,eef9f32fde5f90c23de11b31bacd09324da001a6,2018-06-26T21:39:49Z,Kaiketsu,CC BY 2.0,https://creativecommons.org/licenses/by/2.0,Centerpartiet (official),2018-06-11 18:05,2018-06-11 Tal och PK på Järvaveckan,loof,../data/raw/loof/eef9f32fde5f90c23de11b31bacd09324da001a6.jpg
File:2018-07-31 Pk Beredskap - Alliansen (43052560794).jpg,https://upload.wikimedia.org/wikipedia/commons/c/ce/2018-07-31_Pk_Beredskap_-_Alliansen_%2843052560794%29.jpg?utm_source=commons.wikimedia.org&utm_campaign=imageinfo&utm_content=original,https://commons.wikimedia.org/wiki/File:2018-07-31_Pk_Beredskap_-_Alliansen_(43052560794).jpg,6720,4480,image/jpeg,33cbfb186c602b0a8a7e9a301f020cfe60f51550,2018-08-01T01:05:09Z,Kaiketsu,CC BY 2.0,https://creativecommons.org/licenses/by/2.0,Centerpartiet (official),2018-07-31 11:02,"Annie Lööf (C), Ulf Kristersson (M), Ebba Busch Thor (KD), och Jan Björklund (L) håller presskonferens om Alliansens förslag att stärka Sveriges krisberedskap.",loof,../data/raw/loof/33cbfb186c602b0a8a7e9a301f020cfe60f51550.jpg
File:Annie Lööf Västerås 2019 (46959423315).jpg,https://upload.wikimedia.org/wikipedia/commons/a/a6/Annie_L%C3%B6%C3%B6f_V%C3%A4ster%C3%A5s_2019_%2846959423315%29.jpg?utm_source=commons.wikimedia.org&utm_campaign=imageinfo&utm_content=original,https://commons.wikimedia.org/wiki/File:Annie_L%C3%B6%C3%B6f_V%C3%A4ster%C3%A5s_2019_(46959423315).jpg,5630,3753,image/jpeg,84dd7fc960fd0e40aa1cff274585faff2768c67e,2019-06-21T00:47:39Z,Kaiketsu,CC BY 2.0,https://creativecommons.org/licenses/by/2.0,Centerpartiet (official),2019-05-18 10:52,"Annie Lööf i Västerås, Maj, 2019.",loof,../data/raw/loof/84dd7fc960fd0e40aa1cff274585faff2768c67e.jpg
File:2018-09-03 Invigning Centralstationen (29509853027).jpg,https://upload.wikimedia.org/wikipedia/commons/7/76/2018-09-03_Invigning_Centralstationen_%2829509853027%29.jpg?utm_source=commons.wikimedia.org&utm_campaign=imageinfo&utm_content=original,https://commons.wikimedia.org/wiki/File:2018-09-03_Invigning_Centralstationen_(29509853027).jpg,6720,4480,image/jpeg,1533505f5fd42ed8a159614e68d2b73807f808b7,2018-09-18T13:11:51Z,Kaiketsu,CC BY 2.0,https://creativecommons.org/licenses/by/2.0,Centerpartiet (official),2018-09-03 13:10,2018-09-03 Invigning Centralstationen,loof,../data/raw/loof/1533505f5fd42ed8a159614e68d2b73807f808b7.jpg
File:Centerpartiets partistämma 2017 (37343487086).jpg,https://upload.wikimedia.org/wikipedia/commons/2/24/Centerpartiets_partist%C3%A4mma_2017_%2837343487086%29.jpg?utm_source=commons.wikimedia.org&utm_campaign=imageinfo&utm_content=original,https://commons.wikimedia.org/wiki/File:Centerpartiets_partist%C3%A4mma_2017_(37343487086).jpg,5760,3840,image/jpeg,3d77baf9f737717b79e956b20239747e321bdadb,2017-10-08T01:17:14Z,Kaiketsu,CC BY 2.0,https://creativecommons.org/licenses/by/2.0,Centerpartiet (official),2017-09-29 14:42,Annie Lööf and Nick Clegg,loof,../data/raw/loof/3d77baf9f737717b79e956b20239747e321bdadb.jpg
File:Annie Lööf 2018-08-24 Kungsholmstorg (29303248547).jpg,https://upload.wikimedia.org/wikipedia/commons/8/8b/Annie_L%C3%B6%C3%B6f_2018-08-24_Kungsholmstorg_%2829303248547%29.jpg?utm_source=commons.wikimedia.org&utm_campaign=imageinfo&utm_content=original,https://commons.wikimedia.org/wiki/File:Annie_L%C3%B6%C3%B6f_2018-08-24_Kungsholmstorg_(29303248547).jpg,6720,4480,image/jpeg,31238871bae8d7a7142299f0852c07fc263810a1,2018-08-25T12:02:04Z,Kaiketsu,CC BY 2.0,https://creativecommons.org/licenses/by/2.0,Centerpartiet (official),2018-08-24 11:35,2018-08-24 PK Kungsholmstorg,loof,../data/raw/loof/31238871bae8d7a7142299f0852c07fc263810a1.jpg
"File:Annie Lööf, RD Frågestund 210211.jpg",https://upload.wikimedia.org/wikipedia/commons/4/4f/Annie_L%C3%B6%C3%B6f%2C_RD_Fr%C3%A5gestund_210211.jpg?utm_source=commons.wikimedia.org&utm_campaign=imageinfo&utm_content=original,"https://commons.wikimedia.org/wiki/File:Annie_L%C3%B6%C3%B6f,_RD_Fr%C3%A5gestund_210211.jpg",3000,2000,image/jpeg,4d9fb009145ce71dc5188c10517ee2c32a6fb1fe,2021-10-21T19:59:26Z,Lochglasgowstrathyre,CC BY 2.0,https://creativecommons.org/licenses/by/2.0,Centerpartiet (official),2021-02-11 13:32:52,"Annie Lööf, RD Frågestund 210211",loof,../data/raw/loof/4d9fb009145ce71dc5188c10517ee2c32a6fb1fe.jpg
File:2017-12-21 toppkandidatutbildningen (41713988371).jpg,https://upload.wikimedia.org/wikipedia/commons/6/65/2017-12-21_toppkandidatutbildningen_%2841713988371%29.jpg?utm_source=commons.wikimedia.org&utm_campaign=imageinfo&utm_content=original,https://commons.wikimedia.org/wiki/File:2017-12-21_toppkandidatutbildningen_(41713988371).jpg,6720,4480,image/jpeg,34f07fcaf8f6c24fd6d1e8e01ad297f249d5fb14,2018-05-08T20:25:22Z,Kaiketsu,CC BY 2.0,https://creativecommons.org/licenses/by/2.0,Centerpartiet (official),2017-12-08 11:46,2017-12-21 toppkandidatutbildningen,loof,../data/raw/loof/34f07fcaf8f6c24fd6d1e8e01ad297f249d5fb14.jpg
File:2018-08-03 Centerpartiets valkonvent (43857824141).jpg,https://upload.wikimedia.org/wikipedia/commons/8/88/2018-08-03_Centerpartiets_valkonvent_%2843857824141%29.jpg?utm_source=commons.wikimedia.org&utm_campaign=imageinfo&utm_content=original,https://commons.wikimedia.org/wiki/File:2018-08-03_Centerpartiets_valkonvent_(43857824141).jpg,6720,4480,image/jpeg,8ac07e341d4b5bbd780f7ff2e061b7f834811bf0,2018-08-08T12:35:18Z,Kaiketsu,CC BY 2.0,https://creativecommons.org/licenses/by/2.0,Centerpartiet (official),2018-08-03 11:15,"Centerpartiets partiledare Annie Lööf talar på partiets valkonvent i Annexet, Johanneshov, Stockholm.",loof,../data/raw/loof/8ac07e341d4b5bbd780f7ff2e061b7f834811bf0.jpg
"File:Maud Olofsson, Karin Söder och Annie Lööf 2012.jpg",https://upload.wikimedia.org/wikipedia/commons/9/99/Maud_Olofsson%2C_Karin_S%C3%B6der_och_Annie_L%C3%B6%C3%B6f_2012.jpg?utm_source=commons.wikimedia.org&utm_campaign=imageinfo&utm_content=original,"https://commons.wikimedia.org/wiki/File:Maud_Olofsson,_Karin_S%C3%B6der_och_Annie_L%C3%B6%C3%B6f_2012.jpg",3472,2232,image/jpeg,30d4f97da8d0c32bfef3b1d9a12922180ca6e3b4,2014-01-08T13:08:25Z,Kaiketsu,CC BY 2.0,https://creativecommons.org/licenses/by/2.0,Anna-Karin Nyman,2012-03-22 18:21:51,"Tre generationer Centerledare. Från vänster till höger: Maud Olofsson, Karin Söder och Annie Lööf.",loof,../data/raw/loof/30d4f97da8d0c32bfef3b1d9a12922180ca6e3b4.jpg
File:Kommundagarna 2018 (41924664142).jpg,https://upload.wikimedia.org/wikipedia/commons/7/77/Kommundagarna_2018_%2841924664142%29.jpg?utm_source=commons.wikimedia.org&utm_campaign=imageinfo&utm_content=original,https://commons.wikimedia.org/wiki/File:Kommundagarna_2018_(41924664142).jpg,6720,4480,image/jpeg,0b48d996ca0776d69e158b43da8df67063cecf27,2018-05-08T19:27:11Z,Kaiketsu,CC BY 2.0,https://creativecommons.org/licenses/by/2.0,Centerpartiet (official),2018-02-02 15:02,Centerpartiets kommundagar 2018,loof,../data/raw/loof/0b48d996ca0776d69e158b43da8df67063cecf27.jpg
File:ValrorelseStockholm23.JPG,https://upload.wikimedia.org/wikipedia/commons/6/63/ValrorelseStockholm23.JPG?utm_source=commons.wikimedia.org&utm_campaign=imageinfo&utm_content=original,https://commons.wikimedia.org/wiki/File:ValrorelseStockholm23.JPG,5184,3456,image/jpeg,d9324a361dc6126fcd3c5c72f4fcdd12cc4d9898,2015-06-26T20:14:57Z,Pny71,CC BY-SA 4.0,https://creativecommons.org/licenses/by-sa/4.0,Patrik Nylin,2014-09-14 13:21:40,"Valrörelsen 2014. Sergelgatan, Stockholm. Jan Björklund, Folkpartiet 14 september 2014",loof,../data/raw/loof/d9324a361dc6126fcd3c5c72f4fcdd12cc4d9898.jpg
File:Besök på Gekås 2017-12-01 (28111287129).jpg,https://upload.wikimedia.org/wikipedia/commons/8/8a/Bes%C3%B6k_p%C3%A5_Gek%C3%A5s_2017-12-01_%2828111287129%29.jpg?utm_source=commons.wikimedia.org&utm_campaign=imageinfo&utm_content=original,https://commons.wikimedia.org/wiki/File:Bes%C3%B6k_p%C3%A5_Gek%C3%A5s_2017-12-01_(28111287129).jpg,6080,4053,image/jpeg,f73c3628101a4300a14f3ecf8c732968ab7332cd,2018-05-08T18:50:02Z,Kaiketsu,CC BY 2.0,https://creativecommons.org/licenses/by/2.0,Centerpartiet (official),2017-12-01 15:45,Besök på Gekås 2017-12-01,loof,../data/raw/loof/f73c3628101a4300a14f3ecf8c732968ab7332cd.jpg
File:Annie Lööf Almedalen (28069219936).jpg,https://upload.wikimedia.org/wikipedia/commons/7/7a/Annie_L%C3%B6%C3%B6f_Almedalen_%2828069219936%29.jpg?utm_source=commons.wikimedia.org&utm_campaign=imageinfo&utm_content=original,https://commons.wikimedia.org/wiki/File:Annie_L%C3%B6%C3%B6f_Almedalen_(28069219936).jpg,5472,3648,image/jpeg,2a36679caee6ac2f7593de08b251838792676348,2016-09-09T07:38:00Z,Kaiketsu,CC BY 2.0,https://creativecommons.org/licenses/by/2.0,Centerpartiet (official),2016-07-04 19:29,Annie Lööf - Alla jobb behövs,loof,../data/raw/loof/2a36679caee6ac2f7593de08b251838792676348.jpg
File:2018-09-03 Invigning Centralstationen (43730256714).jpg,https://upload.wikimedia.org/wikipedia/commons/1/19/2018-09-03_Invigning_Centralstationen_%2843730256714%29.jpg?utm_source=commons.wikimedia.org&utm_campaign=imageinfo&utm_content=original,https://commons.wikimedia.org/wiki/File:2018-09-03_Invigning_Centralstationen_(43730256714).jpg,6720,4480,image/jpeg,c9b7b7ba3ad12b15a0806cb778c9a65baab182a9,2018-09-18T13:11:45Z,Kaiketsu,CC BY 2.0,https://creativecommons.org/licenses/by/2.0,Centerpartiet (official),2018-09-03 13:16,2018-09-03 Invigning Centralstationen,loof,../data/raw/loof/c9b7b7ba3ad12b15a0806cb778c9a65baab182a9.jpg
File:L1410112 (32892229837).jpg,https://upload.wikimedia.org/wikipedia/commons/f/f6/L1410112_%2832892229837%29.jpg?utm_source=commons.wikimedia.org&utm_campaign=imageinfo&utm_content=original,https://commons.wikimedia.org/wiki/File:L1410112_(32892229837).jpg,3000,2000,image/jpeg,809469e5c04451fac86751c3b3c95d1bc98b1f9f,2019-06-21T00:13:40Z,Kaiketsu,CC BY 2.0,https://creativecommons.org/licenses/by/2.0,Centerpartiet (official),2019-04-26 13:32,L1410112,loof,../data/raw/loof/809469e5c04451fac86751c3b3c95d1bc98b1f9f.jpg
File:2018-09-03 Invigning Centralstationen (43538666395).jpg,https://upload.wikimedia.org/wikipedia/commons/c/cb/2018-09-03_Invigning_Centralstationen_%2843538666395%29.jpg?utm_source=commons.wikimedia.org&utm_campaign=imageinfo&utm_content=original,https://commons.wikimedia.org/wiki/File:2018-09-03_Invigning_Centralstationen_(43538666395).jpg,6453,4302,image/jpeg,c774c45bb4daab149dfd9e3fa92d68dc53dfd36e,2018-09-18T13:12:09Z,Kaiketsu,CC BY 2.0,https://creativecommons.org/licenses/by/2.0,Centerpartiet (official),2018-09-03 13:06,2018-09-03 Invigning Centralstationen,loof,../data/raw/loof/c774c45bb4daab149dfd9e3fa92d68dc53dfd36e.jpg
File:Annie Lööf (35237902302).jpg,https://upload.wikimedia.org/wikipedia/commons/3/37/Annie_L%C3%B6%C3%B6f_%2835237902302%29.jpg?utm_source=commons.wikimedia.org&utm_campaign=imageinfo&utm_content=original,https://commons.wikimedia.org/wiki/File:Annie_L%C3%B6%C3%B6f_(35237902302).jpg,6720,4480,image/jpeg,150cb6fb01425c06b55ef89c197e8c1c63be3375,2018-05-08T20:51:22Z,Kaiketsu,CC BY 2.0,https://creativecommons.org/licenses/by/2.0,Centerpartiet (official),2017-06-14 18:44,Annie Lööf talar på Centerpartiets dag på Politikeveckan i Järva 2017,loof,../data/raw/loof/150cb6fb01425c06b55ef89c197e8c1c63be3375.jpg
File:L1410177 (40869468523).jpg,https://upload.wikimedia.org/wikipedia/commons/0/0f/L1410177_%2840869468523%29.jpg?utm_source=commons.wikimedia.org&utm_campaign=imageinfo&utm_content=original,https://commons.wikimedia.org/wiki/File:L1410177_(40869468523).jpg,3000,2000,image/jpeg,7524c7ec8870b3eb56c094edc94ebea2bc9e073a,2019-06-21T00:14:29Z,Kaiketsu,CC BY 2.0,https://creativecommons.org/licenses/by/2.0,Centerpartiet (official),2019-04-26 13:38,L1410177,loof,../data/raw/loof/7524c7ec8870b3eb56c094edc94ebea2bc9e073a.jpg
File:L1410024 (32892246467).jpg,https://upload.wikimedia.org/wikipedia/commons/f/f5/L1410024_%2832892246467%29.jpg?utm_source=commons.wikimedia.org&utm_campaign=imageinfo&utm_content=original,https://commons.wikimedia.org/wiki/File:L1410024_(32892246467).jpg,3000,2000,image/jpeg,219fc3d7a11877d057097ac2840c60debd7f772f,2019-06-21T00:12:19Z,Kaiketsu,CC BY 2.0,https://creativecommons.org/licenses/by/2.0,Centerpartiet (official),2019-04-26 13:23,L1410024,loof,../data/raw/loof/219fc3d7a11877d057097ac2840c60debd7f772f.jpg
File:Annie Lööf (16254744700).jpg,https://upload.wikimedia.org/wikipedia/commons/b/bb/Annie_L%C3%B6%C3%B6f_%2816254744700%29.jpg?utm_source=commons.wikimedia.org&utm_campaign=imageinfo&utm_content=original,https://commons.wikimedia.org/wiki/File:Annie_L%C3%B6%C3%B6f_(16254744700).jpg,4256,2832,image/jpeg,5de409c04c79fd0e900ed46583a133bb0d5d3587,2016-09-10T15:00:49Z,Kaiketsu,CC BY 2.0,https://creativecommons.org/licenses/by/2.0,Centerpartiet (official),2015-02-03 16:41,Annie Lööf presenterar Centerpartiets integrationsrapport,loof,../data/raw/loof/5de409c04c79fd0e900ed46583a133bb0d5d3587.jpg
"File:Annie Lööf och Fredrik Reinfeldt, 2013-09-09 01.jpg",https://upload.wikimedia.org/wikipedia/commons/f/f8/Annie_L%C3%B6%C3%B6f_och_Fredrik_Reinfeldt%2C_2013-09-09_01.jpg?utm_source=commons.wikimedia.org&utm_campaign=imageinfo&utm_content=original,"https://commons.wikimedia.org/wiki/File:Annie_L%C3%B6%C3%B6f_och_Fredrik_Reinfeldt,_2013-09-09_01.jpg",4608,3456,image/jpeg,0fbd29959c24e3a5569cdbc6e870fa7964ca72f2,2013-09-10T08:56:38Z,Abbedabb,CC BY-SA 3.0,https://creativecommons.org/licenses/by-sa/3.0,Albin Olsson,2013-09-09 13:03:50,Annie Lööf and Fredrik Reinfeldt during a press conference in the store Clas Ohlson in the shopping mall Frölunda torg.,loof,../data/raw/loof/0fbd29959c24e3a5569cdbc6e870fa7964ca72f2.jpg
File:2018-08-30 Eskilstuna (43533605315).jpg,https://upload.wikimedia.org/wikipedia/commons/6/62/2018-08-30_Eskilstuna_%2843533605315%29.jpg?utm_source=commons.wikimedia.org&utm_campaign=imageinfo&utm_content=original,https://commons.wikimedia.org/wiki/File:2018-08-30_Eskilstuna_(43533605315).jpg,6720,4480,image/jpeg,8fb84422f81121fb1fdbca77dab486133667fa1f,2018-09-18T13:09:42Z,Kaiketsu,CC BY 2.0,https://creativecommons.org/licenses/by/2.0,Centerpartiet (official),2018-08-30 12:10,2018-08-30 Eskilstuna,loof,../data/raw/loof/8fb84422f81121fb1fdbca77dab486133667fa1f.jpg
File:Annie Lööf - EU-valvaka 2014 (14094826257).jpg,https://upload.wikimedia.org/wikipedia/commons/9/9a/Annie_L%C3%B6%C3%B6f_-_EU-valvaka_2014_%2814094826257%29.jpg?utm_source=commons.wikimedia.org&utm_campaign=imageinfo&utm_content=original,https://commons.wikimedia.org/wiki/File:Annie_L%C3%B6%C3%B6f_-_EU-valvaka_2014_(14094826257).jpg,5184,3456,image/jpeg,70f76b21ecc5ae7a81e88f94c6245b4dc7b0d348,2016-11-01T11:52:23Z,Kaiketsu,CC BY 2.0,https://creativecommons.org/licenses/by/2.0,Centerpartiet (official),2014-05-25 22:57,Annie Lööf - EU-valvaka 2014,loof,../data/raw/loof/70f76b21ecc5ae7a81e88f94c6245b4dc7b0d348.jpg
File:Annie Lööf 2018-08-01 Tarby Gård (42052470110).jpg,https://upload.wikimedia.org/wikipedia/commons/b/b5/Annie_L%C3%B6%C3%B6f_2018-08-01_Tarby_G%C3%A5rd_%2842052470110%29.jpg?utm_source=commons.wikimedia.org&utm_campaign=imageinfo&utm_content=original,https://commons.wikimedia.org/wiki/File:Annie_L%C3%B6%C3%B6f_2018-08-01_Tarby_G%C3%A5rd_(42052470110).jpg,6720,4480,image/jpeg,533861129312e27e1f147538a5329bd8ba2b7275,2018-08-06T23:25:16Z,Kaiketsu,CC BY 2.0,https://creativecommons.org/licenses/by/2.0,Centerpartiet (official),2018-08-01 11:31,Centerpartiets partiledare Annie Lööf besöker Tarby Gård i Vallentuna.,loof,../data/raw/loof/533861129312e27e1f147538a5329bd8ba2b7275.jpg
File:Annie Lööf (18825266902).jpg,https://upload.wikimedia.org/wikipedia/commons/c/c1/Annie_L%C3%B6%C3%B6f_%2818825266902%29.jpg?utm_source=commons.wikimedia.org&utm_campaign=imageinfo&utm_content=original,https://commons.wikimedia.org/wiki/File:Annie_L%C3%B6%C3%B6f_(18825266902).jpg,3459,5523,image/jpeg,0218a0c2c222c543899c2f4da0f1012f2372874f,2016-11-01T11:51:34Z,Kaiketsu,CC BY 2.0,https://creativecommons.org/licenses/by/2.0,Centerpartiet (official),2015-03-26 16:05,Annie Lööf. Foto Johan Jeppsson. Fotografens namn skall anges vid publicering. Bildem får inte säljas,loof,../data/raw/loof/0218a0c2c222c543899c2f4da0f1012f2372874f.jpg
File:Annie Lööf - EU-valvaka 2014 (14301582143).jpg,https://upload.wikimedia.org/wikipedia/commons/6/68/Annie_L%C3%B6%C3%B6f_-_EU-valvaka_2014_%2814301582143%29.jpg?utm_source=commons.wikimedia.org&utm_campaign=imageinfo&utm_content=original,https://commons.wikimedia.org/wiki/File:Annie_L%C3%B6%C3%B6f_-_EU-valvaka_2014_(14301582143).jpg,5184,3456,image/jpeg,9409f135b81a1ae68b218b84a6a085ee922a1c1d,2016-09-10T13:42:43Z,Kaiketsu,CC BY 2.0,https://creativecommons.org/licenses/by/2.0,Centerpartiet (official),2014-05-25 22:51,Annie Lööf - EU-valvaka 2014,loof,../data/raw/loof/9409f135b81a1ae68b218b84a6a085ee922a1c1d.jpg
File:Sanna Marin Government 10 December 2019.jpg,https://upload.wikimedia.org/wikipedia/commons/f/f1/Sanna_Marin_Government_10_December_2019.jpg?utm_source=commons.wikimedia.org&utm_campaign=imageinfo&utm_content=original,https://commons.wikimedia.org/wiki/File:Sanna_Marin_Government_10_December_2019.jpg,4000,2759,image/jpeg,e5df2fdbd4dd9e240e463af12dea4685b022e104,2020-02-22T19:25:54Z,Onsilla,CC BY 2.0,https://creativecommons.org/licenses/by/2.0,Laura Kotila / Prime Minister's Office Finland,2019-12-10 16:29:32,Group picture of the recently appointed Finnish Government Ministers under Prime Minister Sanna Marin,ohisalo,../data/raw/ohisalo/e5df2fdbd4dd9e240e463af12dea4685b022e104.jpg
File:Hallituksen tiedotustilaisuus valmiuslain käyttöönotosta ja rajavalvonnasta 17.3.2020 (49669027098).jpg,https://upload.wikimedia.org/wikipedia/commons/b/bc/Hallituksen_tiedotustilaisuus_valmiuslain_k%C3%A4ytt%C3%B6%C3%B6notosta_ja_rajavalvonnasta_17.3.2020_%2849669027098%29.jpg?utm_source=commons.wikimedia.org&utm_campaign=imageinfo&utm_content=original,https://commons.wikimedia.org/wiki/File:Hallituksen_tiedotustilaisuus_valmiuslain_k%C3%A4ytt%C3%B6%C3%B6notosta_ja_rajavalvonnasta_17.3.2020_(49669027098).jpg,6129,3214,image/jpeg,0c5aba21732b357749dcc405da700636b92b5512,2020-03-20T03:07:18Z,A1Cafel,CC BY 2.0,https://creativecommons.org/licenses/by/2.0,FinnishGovernment,2020-03-17 17:20,© Lauri Heikkinen | valtioneuvoston kanslia,ohisalo,../data/raw/ohisalo/0c5aba21732b357749dcc405da700636b92b5512.jpg
File:Hallituksen tiedotustilaisuus valmiuslain käyttöönotosta ja rajavalvonnasta 17.3.2020 (49669027203).jpg,https://upload.wikimedia.org/wikipedia/commons/1/18/Hallituksen_tiedotustilaisuus_valmiuslain_k%C3%A4ytt%C3%B6%C3%B6notosta_ja_rajavalvonnasta_17.3.2020_%2849669027203%29.jpg?utm_source=commons.wikimedia.org&utm_campaign=imageinfo&utm_content=original,https://commons.wikimedia.org/wiki/File:Hallituksen_tiedotustilaisuus_valmiuslain_k%C3%A4ytt%C3%B6%C3%B6notosta_ja_rajavalvonnasta_17.3.2020_(49669027203).jpg,6720,3622,image/jpeg,99a6f2cf717068715ee66ce489084155c090d370,2020-03-20T03:07:19Z,A1Cafel,CC BY 2.0,https://creativecommons.org/licenses/by/2.0,FinnishGovernment,2020-03-17 17:11,© Lauri Heikkinen | valtioneuvoston kanslia,ohisalo,../data/raw/ohisalo/99a6f2cf717068715ee66ce489084155c090d370.jpg
File:Hallituksen tiedotustilaisuus valmiuslain käyttöönotosta ja rajavalvonnasta 17.3.2020 (49669026833).jpg,https://upload.wikimedia.org/wikipedia/commons/8/80/Hallituksen_tiedotustilaisuus_valmiuslain_k%C3%A4ytt%C3%B6%C3%B6notosta_ja_rajavalvonnasta_17.3.2020_%2849669026833%29.jpg?utm_source=commons.wikimedia.org&utm_campaign=imageinfo&utm_content=original,https://commons.wikimedia.org/wiki/File:Hallituksen_tiedotustilaisuus_valmiuslain_k%C3%A4ytt%C3%B6%C3%B6notosta_ja_rajavalvonnasta_17.3.2020_(49669026833).jpg,6013,4009,image/jpeg,e5e96e008070ef2a4e738dff449dee6a270955f0,2020-03-20T03:07:25Z,A1Cafel,CC BY 2.0,https://creativecommons.org/licenses/by/2.0,FinnishGovernment,2020-03-17 17:38,© Lauri Heikkinen | valtioneuvoston kanslia,ohisalo,../data/raw/ohisalo/e5e96e008070ef2a4e738dff449dee6a270955f0.jpg
File:Hallituksen tiedotustilaisuus valmiuslain käyttöönotosta ja rajavalvonnasta 17.3.2020 (49669857287).jpg,https://upload.wikimedia.org/wikipedia/commons/c/cc/Hallituksen_tiedotustilaisuus_valmiuslain_k%C3%A4ytt%C3%B6%C3%B6notosta_ja_rajavalvonnasta_17.3.2020_%2849669857287%29.jpg?utm_source=commons.wikimedia.org&utm_campaign=imageinfo&utm_content=original,https://commons.wikimedia.org/wiki/File:Hallituksen_tiedotustilaisuus_valmiuslain_k%C3%A4ytt%C3%B6%C3%B6notosta_ja_rajavalvonnasta_17.3.2020_(49669857287).jpg,6720,4480,image/jpeg,01b07413e1d52b3f3cf0b9fdaa4d5f11ad14ebd3,2020-03-20T03:07:26Z,A1Cafel,CC BY 2.0,https://creativecommons.org/licenses/by/2.0,FinnishGovernment,2020-03-17 17:40,© Lauri Heikkinen | valtioneuvoston kanslia,ohisalo,../data/raw/ohisalo/01b07413e1d52b3f3cf0b9fdaa4d5f11ad14ebd3.jpg
File:Hallituksen tiedotustilaisuus koronavirustilanteesta 20.3.2020. (49679102056).jpg,https://upload.wikimedia.org/wikipedia/commons/e/e4/Hallituksen_tiedotustilaisuus_koronavirustilanteesta_20.3.2020._%2849679102056%29.jpg?utm_source=commons.wikimedia.org&utm_campaign=imageinfo&utm_content=original,https://commons.wikimedia.org/wiki/File:Hallituksen_tiedotustilaisuus_koronavirustilanteesta_20.3.2020._(49679102056).jpg,4000,2667,image/jpeg,03983addc676103620d71bad98939c2e769ca59a,2020-03-22T08:41:46Z,A1Cafel,CC BY 2.0,https://creativecommons.org/licenses/by/2.0,FinnishGovernment,2020-03-20 12:07,Hallitus esittää laajoja taloustoimia koronavirusepidemian haittojen minimoimiseksi. © Laura Kotila | valtioneuvoston kanslia,ohisalo,../data/raw/ohisalo/03983addc676103620d71bad98939c2e769ca59a.jpg
File:Hallituksen tiedotustilaisuus koronavirustilanteesta 20.3.2020. (49679390962).jpg,https://upload.wikimedia.org/wikipedia/commons/4/4d/Hallituksen_tiedotustilaisuus_koronavirustilanteesta_20.3.2020._%2849679390962%29.jpg?utm_source=commons.wikimedia.org&utm_campaign=imageinfo&utm_content=original,https://commons.wikimedia.org/wiki/File:Hallituksen_tiedotustilaisuus_koronavirustilanteesta_20.3.2020._(49679390962).jpg,4000,2667,image/jpeg,04f9112f97a78a831504682a4cd27db2b434ee7e,2020-03-22T08:42:13Z,A1Cafel,CC BY 2.0,https://creativecommons.org/licenses/by/2.0,FinnishGovernment,2020-03-20 12:23,Hallitus esittää laajoja taloustoimia koronavirusepidemian haittojen minimoimiseksi. © Laura Kotila | valtioneuvoston kanslia,ohisalo,../data/raw/ohisalo/04f9112f97a78a831504682a4cd27db2b434ee7e.jpg
File:Hallituksen neuvottelu Säätytalossa 22.4.2020 (49805253632).jpg,https://upload.wikimedia.org/wikipedia/commons/c/c0/Hallituksen_neuvottelu_S%C3%A4%C3%A4tytalossa_22.4.2020_%2849805253632%29.jpg?utm_source=commons.wikimedia.org&utm_campaign=imageinfo&utm_content=original,https://commons.wikimedia.org/wiki/File:Hallituksen_neuvottelu_S%C3%A4%C3%A4tytalossa_22.4.2020_(49805253632).jpg,6066,4026,image/jpeg,5750060611501fcdb5cf5089d349acbb535420ec,2020-04-22T12:54:51Z,Killarnee,CC BY 2.0,https://creativecommons.org/licenses/by/2.0,FinnishGovernment,2020-04-22 10:05,© Lauri Heikkinen | valtioneuvoston kanslia,ohisalo,../data/raw/ohisalo/5750060611501fcdb5cf5089d349acbb535420ec.jpg
File:Hallituksen tiedotustilaisuus Uudenmaan liikkumisrajoituksesta 15.4.2020 (49776631682).jpg,https://upload.wikimedia.org/wikipedia/commons/1/1f/Hallituksen_tiedotustilaisuus_Uudenmaan_liikkumisrajoituksesta_15.4.2020_%2849776631682%29.jpg?utm_source=commons.wikimedia.org&utm_campaign=imageinfo&utm_content=original,https://commons.wikimedia.org/wiki/File:Hallituksen_tiedotustilaisuus_Uudenmaan_liikkumisrajoituksesta_15.4.2020_(49776631682).jpg,6246,3877,image/jpeg,667c528a36565686ba849be6680bc818935ead4d,2020-04-22T12:59:03Z,Killarnee,CC BY 2.0,https://creativecommons.org/licenses/by/2.0,FinnishGovernment,2020-04-15 10:10,© Lauri Heikkinen | valtioneuvoston kanslia,ohisalo,../data/raw/ohisalo/667c528a36565686ba849be6680bc818935ead4d.jpg
File:Kehysriihen tiedotustilaisuus 8.4.2020 (49749463366).jpg,https://upload.wikimedia.org/wikipedia/commons/4/42/Kehysriihen_tiedotustilaisuus_8.4.2020_%2849749463366%29.jpg?utm_source=commons.wikimedia.org&utm_campaign=imageinfo&utm_content=original,https://commons.wikimedia.org/wiki/File:Kehysriihen_tiedotustilaisuus_8.4.2020_(49749463366).jpg,4480,5018,image/jpeg,a8fd4ac61e043ade38471aaa2857ecec21a6eb51,2020-04-22T13:00:44Z,Killarnee,CC BY 2.0,https://creativecommons.org/licenses/by/2.0,FinnishGovernment,2020-04-08 14:16,© Lauri Heikkinen | valtioneuvoston kanslia,ohisalo,../data/raw/ohisalo/a8fd4ac61e043ade38471aaa2857ecec21a6eb51.jpg
File:Hallituksen koronatilannekatsaus 7.4.2020 (49745060511).jpg,https://upload.wikimedia.org/wikipedia/commons/5/5c/Hallituksen_koronatilannekatsaus_7.4.2020_%2849745060511%29.jpg?utm_source=commons.wikimedia.org&utm_campaign=imageinfo&utm_content=original,https://commons.wikimedia.org/wiki/File:Hallituksen_koronatilannekatsaus_7.4.2020_(49745060511).jpg,5666,3805,image/jpeg,5d8f2bc2accfd428d1422e88352e571e2934ee53,2020-04-22T13:07:57Z,Killarnee,CC BY 2.0,https://creativecommons.org/licenses/by/2.0,FinnishGovernment,2020-04-07 08:09,© Lauri Heikkinen | valtioneuvoston kanslia,ohisalo,../data/raw/ohisalo/5d8f2bc2accfd428d1422e88352e571e2934ee53.jpg
File:Hallitus päätti tänään jatkaa koronavirustartuntojen leviämisen hidastamiseksi ja riskiryhmien suojelemiseksi aiemmin päätettyjä rajoitustoimia 13. toukokuuta 2020 saakka. (49717888427).jpg,https://upload.wikimedia.org/wikipedia/commons/2/25/Hallitus_p%C3%A4%C3%A4tti_t%C3%A4n%C3%A4%C3%A4n_jatkaa_koronavirustartuntojen_levi%C3%A4misen_hidastamiseksi_ja_riskiryhmien_suojelemiseksi_aiemmin_p%C3%A4%C3%A4tettyj%C3%A4_rajoitustoimia_13._toukokuuta_2020_saakka._%2849717888427%29.jpg?utm_source=commons.wikimedia.org&utm_campaign=imageinfo&utm_content=original,https://commons.wikimedia.org/wiki/File:Hallitus_p%C3%A4%C3%A4tti_t%C3%A4n%C3%A4%C3%A4n_jatkaa_koronavirustartuntojen_levi%C3%A4misen_hidastamiseksi_ja_riskiryhmien_suojelemiseksi_aiemmin_p%C3%A4%C3%A4tettyj%C3%A4_rajoitustoimia_13._toukokuuta_2020_saakka._(49717888427).jpg,4000,2667,image/jpeg,9ab05cc42a417244f3ea5beff58d4b8b1ec06a45,2020-04-22T13:14:19Z,Killarnee,CC BY 2.0,https://creativecommons.org/licenses/by/2.0,FinnishGovernment,2020-03-30 20:15,© Laura Kotila | valtioneuvoston kanslia,ohisalo,../data/raw/ohisalo/9ab05cc42a417244f3ea5beff58d4b8b1ec06a45.jpg
File:Hallitus päätti tänään jatkaa koronavirustartuntojen leviämisen hidastamiseksi ja riskiryhmien suojelemiseksi aiemmin päätettyjä rajoitustoimia 13. toukokuuta 2020 saakka. (49717888967).jpg,https://upload.wikimedia.org/wikipedia/commons/d/d5/Hallitus_p%C3%A4%C3%A4tti_t%C3%A4n%C3%A4%C3%A4n_jatkaa_koronavirustartuntojen_levi%C3%A4misen_hidastamiseksi_ja_riskiryhmien_suojelemiseksi_aiemmin_p%C3%A4%C3%A4tettyj%C3%A4_rajoitustoimia_13._toukokuuta_2020_saakka._%2849717888967%29.jpg?utm_source=commons.wikimedia.org&utm_campaign=imageinfo&utm_content=original,https://commons.wikimedia.org/wiki/File:Hallitus_p%C3%A4%C3%A4tti_t%C3%A4n%C3%A4%C3%A4n_jatkaa_koronavirustartuntojen_levi%C3%A4misen_hidastamiseksi_ja_riskiryhmien_suojelemiseksi_aiemmin_p%C3%A4%C3%A4tettyj%C3%A4_rajoitustoimia_13._toukokuuta_2020_saakka._(49717888967).jpg,4000,2667,image/jpeg,85bc07b7d008819c67fbc72dfa83417434fe7f8e,2020-04-22T13:14:33Z,Killarnee,CC BY 2.0,https://creativecommons.org/licenses/by/2.0,FinnishGovernment,2020-03-30 20:13,© Laura Kotila | valtioneuvoston kanslia,ohisalo,../data/raw/ohisalo/85bc07b7d008819c67fbc72dfa83417434fe7f8e.jpg
File:Hallituksen infotilaisuus koronavirustilanteesta 25.3.2020 (49699025857).jpg,https://upload.wikimedia.org/wikipedia/commons/6/60/Hallituksen_infotilaisuus_koronavirustilanteesta_25.3.2020_%2849699025857%29.jpg?utm_source=commons.wikimedia.org&utm_campaign=imageinfo&utm_content=original,https://commons.wikimedia.org/wiki/File:Hallituksen_infotilaisuus_koronavirustilanteesta_25.3.2020_(49699025857).jpg,6031,4213,image/jpeg,3925274dc30562e50a0279584d66e3caef68754f,2020-04-22T13:16:43Z,Killarnee,CC BY 2.0,https://creativecommons.org/licenses/by/2.0,FinnishGovernment,2020-03-25 23:28,© Lauri Heikkinen | valtioneuvoston kanslia,ohisalo,../data/raw/ohisalo/3925274dc30562e50a0279584d66e3caef68754f.jpg
File:Hallituksen infotilaisuus koronavirustilanteesta 25.3.2020 (49698186533).jpg,https://upload.wikimedia.org/wikipedia/commons/6/6b/Hallituksen_infotilaisuus_koronavirustilanteesta_25.3.2020_%2849698186533%29.jpg?utm_source=commons.wikimedia.org&utm_campaign=imageinfo&utm_content=original,https://commons.wikimedia.org/wiki/File:Hallituksen_infotilaisuus_koronavirustilanteesta_25.3.2020_(49698186533).jpg,4480,6720,image/jpeg,df162b258690d9cb2f0ab963395a215818455e5c,2020-04-22T13:16:51Z,Killarnee,CC BY 2.0,https://creativecommons.org/licenses/by/2.0,FinnishGovernment,2020-03-25 23:26,© Lauri Heikkinen | valtioneuvoston kanslia,ohisalo,../data/raw/ohisalo/df162b258690d9cb2f0ab963395a215818455e5c.jpg
File:Hallituksen infotilaisuus koronavirustilanteesta 25.3.2020 (49698718971).jpg,https://upload.wikimedia.org/wikipedia/commons/2/25/Hallituksen_infotilaisuus_koronavirustilanteesta_25.3.2020_%2849698718971%29.jpg?utm_source=commons.wikimedia.org&utm_campaign=imageinfo&utm_content=original,https://commons.wikimedia.org/wiki/File:Hallituksen_infotilaisuus_koronavirustilanteesta_25.3.2020_(49698718971).jpg,6129,3861,image/jpeg,51d563ab7246f482a62cf4462fd2d9c2643889ed,2020-04-22T13:17:03Z,Killarnee,CC BY 2.0,https://creativecommons.org/licenses/by/2.0,FinnishGovernment,2020-03-25 23:22,© Lauri Heikkinen | valtioneuvoston kanslia,ohisalo,../data/raw/ohisalo/51d563ab7246f482a62cf4462fd2d9c2643889ed.jpg
File:Hallituksen infotilaisuus koronavirustilanteesta 25.3.2020 (49698719556).jpg,https://upload.wikimedia.org/wikipedia/commons/c/c5/Hallituksen_infotilaisuus_koronavirustilanteesta_25.3.2020_%2849698719556%29.jpg?utm_source=commons.wikimedia.org&utm_campaign=imageinfo&utm_content=original,https://commons.wikimedia.org/wiki/File:Hallituksen_infotilaisuus_koronavirustilanteesta_25.3.2020_(49698719556).jpg,6720,4199,image/jpeg,3f7bba366d826f35f622e3673747f8ccb22fb9bf,2020-04-22T13:17:12Z,Killarnee,CC BY 2.0,https://creativecommons.org/licenses/by/2.0,FinnishGovernment,2020-03-25 23:09,© Lauri Heikkinen | valtioneuvoston kanslia,ohisalo,../data/raw/ohisalo/3f7bba366d826f35f622e3673747f8ccb22fb9bf.jpg
File:Hallituksen infotilaisuus koronavirustilanteesta 25.3.2020 (49698719606).jpg,https://upload.wikimedia.org/wikipedia/commons/7/7e/Hallituksen_infotilaisuus_koronavirustilanteesta_25.3.2020_%2849698719606%29.jpg?utm_source=commons.wikimedia.org&utm_campaign=imageinfo&utm_content=original,https://commons.wikimedia.org/wiki/File:Hallituksen_infotilaisuus_koronavirustilanteesta_25.3.2020_(49698719606).jpg,6608,3566,image/jpeg,389da1a1e001799ccae08f36b0c5a09668ee0477,2020-04-22T13:17:14Z,Killarnee,CC BY 2.0,https://creativecommons.org/licenses/by/2.0,FinnishGovernment,2020-03-25 23:08,© Lauri Heikkinen | valtioneuvoston kanslia,ohisalo,../data/raw/ohisalo/389da1a1e001799ccae08f36b0c5a09668ee0477.jpg
File:Hallituksen infotilaisuus koronavirustilanteesta 25.3.2020 (49698187433).jpg,https://upload.wikimedia.org/wikipedia/commons/2/2b/Hallituksen_infotilaisuus_koronavirustilanteesta_25.3.2020_%2849698187433%29.jpg?utm_source=commons.wikimedia.org&utm_campaign=imageinfo&utm_content=original,https://commons.wikimedia.org/wiki/File:Hallituksen_infotilaisuus_koronavirustilanteesta_25.3.2020_(49698187433).jpg,6101,3439,image/jpeg,9cde9505be283ccf81c7855b0c24c28cc42bbaeb,2020-04-22T13:17:18Z,Killarnee,CC BY 2.0,https://creativecommons.org/licenses/by/2.0,FinnishGovernment,2020-03-25 23:08,© Lauri Heikkinen | valtioneuvoston kanslia,ohisalo,../data/raw/ohisalo/9cde9505be283ccf81c7855b0c24c28cc42bbaeb.jpg
File:Hallituspuolueiden yhteinen ilmastokokous 3.2.2020 (49481931213).jpg,https://upload.wikimedia.org/wikipedia/commons/2/24/Hallituspuolueiden_yhteinen_ilmastokokous_3.2.2020_%2849481931213%29.jpg?utm_source=commons.wikimedia.org&utm_campaign=imageinfo&utm_content=original,https://commons.wikimedia.org/wiki/File:Hallituspuolueiden_yhteinen_ilmastokokous_3.2.2020_(49481931213).jpg,4000,2667,image/jpeg,9a790a099aa1bcfabe1b05a07e1fe79df4ec68b1,2020-04-22T13:23:38Z,Killarnee,CC BY 2.0,https://creativecommons.org/licenses/by/2.0,FinnishGovernment,2020-02-03 13:32,Hallitus ja hallituspuolueiden eduskuntaryhmät kokoontuivat yhteiseen ilmastokokoukseen Helsingin Vuosaareen. © Laura Kotila | valtioneuvoston kanslia,ohisalo,../data/raw/ohisalo/9a790a099aa1bcfabe1b05a07e1fe79df4ec68b1.jpg
File:Hallituksen johtoviisikon kuvaus valtioneuvoston linnassa 19.12.2019 (49242232843).jpg,https://upload.wikimedia.org/wikipedia/commons/3/3a/Hallituksen_johtoviisikon_kuvaus_valtioneuvoston_linnassa_19.12.2019_%2849242232843%29.jpg?utm_source=commons.wikimedia.org&utm_campaign=imageinfo&utm_content=original,https://commons.wikimedia.org/wiki/File:Hallituksen_johtoviisikon_kuvaus_valtioneuvoston_linnassa_19.12.2019_(49242232843).jpg,4000,2646,image/jpeg,92aef7c2168029f0522b12c436940505f038fd9f,2020-04-22T13:32:47Z,Killarnee,CC BY 2.0,https://creativecommons.org/licenses/by/2.0,FinnishGovernment,2019-12-19 14:06,"Yhteiskuvassa hallituksen ns. johtoviisikko: pääministeri Sanna Marin, valtiovarainministeri Katri Kulmuni, opetusministeri Li Andersson, oikeusministeri Anna-Maja Henriksson ja sisäministeri Maria Ohisalo. ©Laura Kotila /valtioneuvoston kanslia",ohisalo,../data/raw/ohisalo/92aef7c2168029f0522b12c436940505f038fd9f.jpg
File:Hallituksen johtoviisikon kuvaus valtioneuvoston linnassa 19.12.2019 (49242920402).jpg,https://upload.wikimedia.org/wikipedia/commons/8/8b/Hallituksen_johtoviisikon_kuvaus_valtioneuvoston_linnassa_19.12.2019_%2849242920402%29.jpg?utm_source=commons.wikimedia.org&utm_campaign=imageinfo&utm_content=original,https://commons.wikimedia.org/wiki/File:Hallituksen_johtoviisikon_kuvaus_valtioneuvoston_linnassa_19.12.2019_(49242920402).jpg,4000,2667,image/jpeg,c756b50b16ecf816a845fb9d82c17bf9b5ec3fd1,2020-04-22T13:32:49Z,Killarnee,CC BY 2.0,https://creativecommons.org/licenses/by/2.0,FinnishGovernment,2019-12-19 14:04,"Yhteiskuvassa hallituksen ns. johtoviisikko: pääministeri Sanna Marin, valtiovarainministeri Katri Kulmuni, opetusministeri Li Andersson, oikeusministeri Anna-Maja Henriksson ja sisäministeri Maria Ohisalo. ©Laura Kotila /valtioneuvoston kanslia",ohisalo,../data/raw/ohisalo/c756b50b16ecf816a845fb9d82c17bf9b5ec3fd1.jpg
File:Marinin hallituksen nimitys 10.12.2019 (49199012238).jpg,https://upload.wikimedia.org/wikipedia/commons/4/40/Marinin_hallituksen_nimitys_10.12.2019_%2849199012238%29.jpg?utm_source=commons.wikimedia.org&utm_campaign=imageinfo&utm_content=original,https://commons.wikimedia.org/wiki/File:Marinin_hallituksen_nimitys_10.12.2019_(49199012238).jpg,6469,3992,image/jpeg,4134d5e322d08fe0ab59e6b180c2fddee829d624,2020-04-22T13:34:02Z,Killarnee,CC BY 2.0,https://creativecommons.org/licenses/by/2.0,FinnishGovernment,2019-12-10 18:53,©Lauri Heikkinen/Valtioneuvoston kanslia,ohisalo,../data/raw/ohisalo/4134d5e322d08fe0ab59e6b180c2fddee829d624.jpg
File:Marinin hallituksen nimitys 10.12.2019 (49199013698).jpg,https://upload.wikimedia.org/wikipedia/commons/c/c0/Marinin_hallituksen_nimitys_10.12.2019_%2849199013698%29.jpg?utm_source=commons.wikimedia.org&utm_campaign=imageinfo&utm_content=original,https://commons.wikimedia.org/wiki/File:Marinin_hallituksen_nimitys_10.12.2019_(49199013698).jpg,6720,4187,image/jpeg,bec695fc82081b488256de16bc457af0f8b61c52,2020-04-22T13:34:23Z,Killarnee,CC BY 2.0,https://creativecommons.org/licenses/by/2.0,FinnishGovernment,2019-12-10 18:39,©Lauri Heikkinen/Valtioneuvoston kanslia,ohisalo,../data/raw/ohisalo/bec695fc82081b488256de16bc457af0f8b61c52.jpg
File:Marinin hallituksen nimitys 10.12.2019 (49199506986).jpg,https://upload.wikimedia.org/wikipedia/commons/e/e2/Marinin_hallituksen_nimitys_10.12.2019_%2849199506986%29.jpg?utm_source=commons.wikimedia.org&utm_campaign=imageinfo&utm_content=original,https://commons.wikimedia.org/wiki/File:Marinin_hallituksen_nimitys_10.12.2019_(49199506986).jpg,6134,3657,image/jpeg,ba7638d11b0c4ff66d9ac9bc59713534e9ac967c,2020-04-22T13:34:31Z,Killarnee,CC BY 2.0,https://creativecommons.org/licenses/by/2.0,FinnishGovernment,2019-12-10 18:30,©Lauri Heikkinen/Valtioneuvoston kanslia,ohisalo,../data/raw/ohisalo/ba7638d11b0c4ff66d9ac9bc59713534e9ac967c.jpg
File:Marinin hallituksen nimitys 10.12.2019 (49199709622).jpg,https://upload.wikimedia.org/wikipedia/commons/1/1f/Marinin_hallituksen_nimitys_10.12.2019_%2849199709622%29.jpg?utm_source=commons.wikimedia.org&utm_campaign=imageinfo&utm_content=original,https://commons.wikimedia.org/wiki/File:Marinin_hallituksen_nimitys_10.12.2019_(49199709622).jpg,6720,3780,image/jpeg,d88d08117e598fe53f3b6d3359764d4b3baa5e0b,2020-04-22T13:34:41Z,Killarnee,CC BY 2.0,https://creativecommons.org/licenses/by/2.0,FinnishGovernment,2019-12-10 18:25,©Lauri Heikkinen/Valtioneuvoston kanslia,ohisalo,../data/raw/ohisalo/d88d08117e598fe53f3b6d3359764d4b3baa5e0b.jpg
File:Valtiopäivien avajaiset - ekumeeninen juhlajumalanpalvelus Helsingin tuomiokirkossa 5.2.2020 (49491214343).jpg,https://upload.wikimedia.org/wikipedia/commons/2/2d/Valtiop%C3%A4ivien_avajaiset_-_ekumeeninen_juhlajumalanpalvelus_Helsingin_tuomiokirkossa_5.2.2020_%2849491214343%29.jpg?utm_source=commons.wikimedia.org&utm_campaign=imageinfo&utm_content=original,https://commons.wikimedia.org/wiki/File:Valtiop%C3%A4ivien_avajaiset_-_ekumeeninen_juhlajumalanpalvelus_Helsingin_tuomiokirkossa_5.2.2020_(49491214343).jpg,2500,1704,image/jpeg,687ece7c02f1c679122c54698dc9ce49a4b8bc4b,2020-04-22T13:53:16Z,Killarnee,CC BY 2.0,https://creativecommons.org/licenses/by/2.0,FinnishGovernment,2020-02-05 12:55,© Laura Kotila | valtioneuvoston kanslia,ohisalo,../data/raw/ohisalo/687ece7c02f1c679122c54698dc9ce49a4b8bc4b.jpg
File:Hallituksen neuvottelut Säätytalossa 4.5.2020 (49854250217).jpg,https://upload.wikimedia.org/wikipedia/commons/d/d1/Hallituksen_neuvottelut_S%C3%A4%C3%A4tytalossa_4.5.2020_%2849854250217%29.jpg?utm_source=commons.wikimedia.org&utm_campaign=imageinfo&utm_content=original,https://commons.wikimedia.org/wiki/File:Hallituksen_neuvottelut_S%C3%A4%C3%A4tytalossa_4.5.2020_(49854250217).jpg,2667,4000,image/jpeg,01d300dc01023fbf8589bab1e054586aa8c15fa7,2020-05-08T16:23:07Z,Killarnee,CC BY 2.0,https://creativecommons.org/licenses/by/2.0,FinnishGovernment,2020-05-04 09:25,© Laura Kotila | valtioneuvoston kanslia,ohisalo,../data/raw/ohisalo/01d300dc01023fbf8589bab1e054586aa8c15fa7.jpg
File:Hallituksen neuvottelut Säätytalossa 4.5.2020 (49854254822).jpg,https://upload.wikimedia.org/wikipedia/commons/1/1a/Hallituksen_neuvottelut_S%C3%A4%C3%A4tytalossa_4.5.2020_%2849854254822%29.jpg?utm_source=commons.wikimedia.org&utm_campaign=imageinfo&utm_content=original,https://commons.wikimedia.org/wiki/File:Hallituksen_neuvottelut_S%C3%A4%C3%A4tytalossa_4.5.2020_(49854254822).jpg,4000,2667,image/jpeg,d54886e6d18d990a9dc2819369ca8f932bba6a43,2020-05-08T16:23:09Z,Killarnee,CC BY 2.0,https://creativecommons.org/licenses/by/2.0,FinnishGovernment,2020-05-04 09:25,© Laura Kotila | valtioneuvoston kanslia,ohisalo,../data/raw/ohisalo/d54886e6d18d990a9dc2819369ca8f932bba6a43.jpg
File:Hallituksen neuvottelut Säätytalossa 4.5.2020 (49853957521).jpg,https://upload.wikimedia.org/wikipedia/commons/4/4e/Hallituksen_neuvottelut_S%C3%A4%C3%A4tytalossa_4.5.2020_%2849853957521%29.jpg?utm_source=commons.wikimedia.org&utm_campaign=imageinfo&utm_content=original,https://commons.wikimedia.org/wiki/File:Hallituksen_neuvottelut_S%C3%A4%C3%A4tytalossa_4.5.2020_(49853957521).jpg,4000,2667,image/jpeg,05ac4bab9f39e9e78c30c965f2f9809fdd20de9e,2020-05-08T16:23:13Z,Killarnee,CC BY 2.0,https://creativecommons.org/licenses/by/2.0,FinnishGovernment,2020-05-04 09:24,© Laura Kotila | valtioneuvoston kanslia,ohisalo,../data/raw/ohisalo/05ac4bab9f39e9e78c30c965f2f9809fdd20de9e.jpg
File:Hallituksen neuvottelut Säätytalossa 3.5.2020 (49849286236).jpg,https://upload.wikimedia.org/wikipedia/commons/8/89/Hallituksen_neuvottelut_S%C3%A4%C3%A4tytalossa_3.5.2020_%2849849286236%29.jpg?utm_source=commons.wikimedia.org&utm_campaign=imageinfo&utm_content=original,https://commons.wikimedia.org/wiki/File:Hallituksen_neuvottelut_S%C3%A4%C3%A4tytalossa_3.5.2020_(49849286236).jpg,4000,2667,image/jpeg,7d486d609e13069c128de643e38c65222e64c110,2020-05-08T16:25:08Z,Killarnee,CC BY 2.0,https://creativecommons.org/licenses/by/2.0,FinnishGovernment,2020-05-03 09:33,© Laura Kotila | valtioneuvoston kanslia,ohisalo,../data/raw/ohisalo/7d486d609e13069c128de643e38c65222e64c110.jpg
File:Hallituksen neuvottelu Säätytalossa 13.5.2020 (49890028583).jpg,https://upload.wikimedia.org/wikipedia/commons/1/14/Hallituksen_neuvottelu_S%C3%A4%C3%A4tytalossa_13.5.2020_%2849890028583%29.jpg?utm_source=commons.wikimedia.org&utm_campaign=imageinfo&utm_content=original,https://commons.wikimedia.org/wiki/File:Hallituksen_neuvottelu_S%C3%A4%C3%A4tytalossa_13.5.2020_(49890028583).jpg,5831,3591,image/jpeg,c343711b2c8398b78668e70d5a3a2b82926e7171,2020-05-15T09:57:04Z,Kyykaarme,CC BY 2.0,https://creativecommons.org/licenses/by/2.0,FinnishGovernment,2020-05-13 16:56,"Hallituksen neuvottelu Säätytalossa 13.5.2020 © Lauri Heikkinen, valtioneuvoston kanslia",ohisalo,../data/raw/ohisalo/c343711b2c8398b78668e70d5a3a2b82926e7171.jpg
File:Maria Ohisalo portrait 2019.jpg,https://upload.wikimedia.org/wikipedia/commons/0/08/Maria_Ohisalo_portrait_2019.jpg?utm_source=commons.wikimedia.org&utm_campaign=imageinfo&utm_content=original,https://commons.wikimedia.org/wiki/File:Maria_Ohisalo_portrait_2019.jpg,3288,4000,image/jpeg,78967cd85df75485bbe33f7cc9301af3df95419c,2020-05-20T19:10:46Z,Kyykaarme,CC BY 4.0,https://creativecommons.org/licenses/by/4.0,Laura Kotila/valtioneuvoston kanslia,2019-06-26 09:29:26,Maria Ohisalo,ohisalo,../data/raw/ohisalo/78967cd85df75485bbe33f7cc9301af3df95419c.jpg
File:Hallituksen tiedotustilaisuus 23.6.2020 (50036877948).jpg,https://upload.wikimedia.org/wikipedia/commons/0/06/Hallituksen_tiedotustilaisuus_23.6.2020_%2850036877948%29.jpg?utm_source=commons.wikimedia.org&utm_campaign=imageinfo&utm_content=original,https://commons.wikimedia.org/wiki/File:Hallituksen_tiedotustilaisuus_23.6.2020_(50036877948).jpg,4296,5984,image/jpeg,44e6d29919fb9fb77485bfac604dd3a482b8ba25,2020-06-27T07:03:47Z,A1Cafel,CC BY 2.0,https://creativecommons.org/licenses/by/2.0,FinnishGovernment,2020-06-23 18:28,© Lauri Heikkinen | valtioneuvoston kanslia,ohisalo,../data/raw/ohisalo/44e6d29919fb9fb77485bfac604dd3a482b8ba25.jpg
File:Hallituksen tiedotustilaisuus 23.6.2020 (50037681012).jpg,https://upload.wikimedia.org/wikipedia/commons/7/7b/Hallituksen_tiedotustilaisuus_23.6.2020_%2850037681012%29.jpg?utm_source=commons.wikimedia.org&utm_campaign=imageinfo&utm_content=original,https://commons.wikimedia.org/wiki/File:Hallituksen_tiedotustilaisuus_23.6.2020_(50037681012).jpg,4480,4718,image/jpeg,27e2ffe7746501000f7beb4687df7ec8444e506f,2020-06-27T07:03:54Z,A1Cafel,CC BY 2.0,https://creativecommons.org/licenses/by/2.0,FinnishGovernment,2020-06-23 18:28,© Lauri Heikkinen | valtioneuvoston kanslia,ohisalo,../data/raw/ohisalo/27e2ffe7746501000f7beb4687df7ec8444e506f.jpg
File:Hallituksen tiedotustilaisuus 23.6.2020 (50036876743).jpg,https://upload.wikimedia.org/wikipedia/commons/4/47/Hallituksen_tiedotustilaisuus_23.6.2020_%2850036876743%29.jpg?utm_source=commons.wikimedia.org&utm_campaign=imageinfo&utm_content=original,https://commons.wikimedia.org/wiki/File:Hallituksen_tiedotustilaisuus_23.6.2020_(50036876743).jpg,4480,4212,image/jpeg,9cd56c76fda93005b23c22138f745acaa12c177d,2020-06-27T07:03:57Z,A1Cafel,CC BY 2.0,https://creativecommons.org/licenses/by/2.0,FinnishGovernment,2020-06-23 18:28,© Lauri Heikkinen | valtioneuvoston kanslia,ohisalo,../data/raw/ohisalo/9cd56c76fda93005b23c22138f745acaa12c177d.jpg
File:Hallituksen tiedotustilaisuus 19.8.2020 (50243589317).jpg,https://upload.wikimedia.org/wikipedia/commons/5/55/Hallituksen_tiedotustilaisuus_19.8.2020_%2850243589317%29.jpg?utm_source=commons.wikimedia.org&utm_campaign=imageinfo&utm_content=original,https://commons.wikimedia.org/wiki/File:Hallituksen_tiedotustilaisuus_19.8.2020_(50243589317).jpg,5778,4480,image/jpeg,93ff0e838a3df46e40accce1bc03020a4eb0ac5f,2020-09-18T15:32:37Z,A1Cafel,CC BY 2.0,https://creativecommons.org/licenses/by/2.0,FinnishGovernment,2020-08-19 08:39,© Lauri Heikkinen | valtioneuvoston kanslia,ohisalo,../data/raw/ohisalo/93ff0e838a3df46e40accce1bc03020a4eb0ac5f.jpg
File:Hallituksen tiedotustilaisuus 19.8.2020 (50242741593).jpg,https://upload.wikimedia.org/wikipedia/commons/3/37/Hallituksen_tiedotustilaisuus_19.8.2020_%2850242741593%29.jpg?utm_source=commons.wikimedia.org&utm_campaign=imageinfo&utm_content=original,https://commons.wikimedia.org/wiki/File:Hallituksen_tiedotustilaisuus_19.8.2020_(50242741593).jpg,4480,6720,image/jpeg,82b5d7d07e7a3138685a05fdbebfc1c9d1fc9ade,2020-09-18T15:32:55Z,A1Cafel,CC BY 2.0,https://creativecommons.org/licenses/by/2.0,FinnishGovernment,2020-08-19 08:38,© Lauri Heikkinen | valtioneuvoston kanslia,ohisalo,../data/raw/ohisalo/82b5d7d07e7a3138685a05fdbebfc1c9d1fc9ade.jpg
File:Hallituksen tiedotustilaisuus 25.2.2021 (50978803002).jpg,https://upload.wikimedia.org/wikipedia/commons/2/2b/Hallituksen_tiedotustilaisuus_25.2.2021_%2850978803002%29.jpg?utm_source=commons.wikimedia.org&utm_campaign=imageinfo&utm_content=original,https://commons.wikimedia.org/wiki/File:Hallituksen_tiedotustilaisuus_25.2.2021_(50978803002).jpg,4000,2667,image/jpeg,462d3b353df5ff28f6d76799353e516c75648495,2021-04-27T02:20:22Z,A1Cafel,CC BY 2.0,https://creativecommons.org/licenses/by/2.0,FinnishGovernment,2021-02-25 10:06,"Hallitus linjasi siirtymisestä välittömästi koronaepidemian torjunnan tasolle kaksi, hallitus valmis ottamaan poikkeusolot käyttöön. © Laura Kotila - valtioneuvoston kanslia",ohisalo,../data/raw/ohisalo/462d3b353df5ff28f6d76799353e516c75648495.jpg
File:Hallituksen infotilaisuus koronavirustilanteesta 25.3.2020 (49698186533) (cropped).jpg,https://upload.wikimedia.org/wikipedia/commons/7/7e/Hallituksen_infotilaisuus_koronavirustilanteesta_25.3.2020_%2849698186533%29_%28cropped%29.jpg?utm_source=commons.wikimedia.org&utm_campaign=imageinfo&utm_content=original,https://commons.wikimedia.org/wiki/File:Hallituksen_infotilaisuus_koronavirustilanteesta_25.3.2020_(49698186533)_(cropped).jpg,1234,1697,image/jpeg,6fcbb5abf9057ba276af8928bcd65e64a3060d8c,2021-08-08T11:55:19Z,Lochglasgowstrathyre,CC BY 2.0,https://creativecommons.org/licenses/by/2.0,FinnishGovernment,2020-03-25 23:26,© Lauri Heikkinen | valtioneuvoston kanslia,ohisalo,../data/raw/ohisalo/6fcbb5abf9057ba276af8928bcd65e64a3060d8c.jpg
File:Into the Woods -seminaari 24.11.2022 (52520430281).jpg,https://upload.wikimedia.org/wikipedia/commons/4/45/Into_the_Woods_-seminaari_24.11.2022_%2852520430281%29.jpg?utm_source=commons.wikimedia.org&utm_campaign=imageinfo&utm_content=original,https://commons.wikimedia.org/wiki/File:Into_the_Woods_-seminaari_24.11.2022_(52520430281).jpg,6202,4135,image/jpeg,474f3fd103b1f6f59e1d39e8a342b89de0336881,2022-11-24T18:18:15Z,Sikander,CC BY 2.0,https://creativecommons.org/licenses/by/2.0,FinnishGovernment,2022-11-24 11:23,"From left to right: Dr. Hans Joachim Schellnhuber, Maria Ohisalo &lt;a href=""http://www.valtioneuvosto.fi/ajankohtaista/kuvapankki/kuvaoikeudet-flickr/fi.jsp"" rel=""noreferrer nofollow""&gt;Kuvien käyttöehdot&lt;/a&gt; - &lt;a href=""http://www.valtioneuvosto.fi/ajankohtaista/kuvapankki/kuvaoikeudet-flickr/sv.jsp"" rel=""noreferrer nofollow""&gt;Villkor för att använda bilderna&lt;/a&gt; - &lt;a href=""http://www.valtioneuvosto.fi/ajankohtaista/kuvapankki/kuvaoikeudet-flickr/en.jsp"" rel=""noreferrer nofollow""&gt;Use and rights&lt;/a&gt; © Stina Virkamäki, valtioneuvoston kanslia",ohisalo,../data/raw/ohisalo/474f3fd103b1f6f59e1d39e8a342b89de0336881.jpg
File:Tasavallan presidentin esittely 23.3.2023 (52766519203).jpg,https://upload.wikimedia.org/wikipedia/commons/1/15/Tasavallan_presidentin_esittely_23.3.2023_%2852766519203%29.jpg?utm_source=commons.wikimedia.org&utm_campaign=imageinfo&utm_content=original,https://commons.wikimedia.org/wiki/File:Tasavallan_presidentin_esittely_23.3.2023_(52766519203).jpg,3500,1969,image/jpeg,a813a64a1f03d8155e44944a46be19e778a5b14e,2023-03-23T18:30:55Z,Sikander,CC BY 2.0,https://creativecommons.org/licenses/by/2.0,FinnishGovernment,2023-03-23 15:03,"Ministerikollegat onnittelivat ulkoministeri Pekka Haavistoa merkkipäivän johdosta. Kuvassa vasemmalta oikealle: Tuomas Pöysti, Antti Kaikkonen, Maria Ohisalo, Anna-Maja Henriksson, Timo Harakka, Pekka Haavisto, Annika Saarikko, Ville Skinnari, Tuula Haatainen, Thomas Blomqvist. &lt;a href=""http://www.valtioneuvosto.fi/ajankohtaista/kuvapankki/kuvaoikeudet-flickr/fi.jsp"" rel=""noreferrer nofollow""&gt;Kuvien käyttöehdot&lt;/a&gt; - &lt;a href=""http://www.valtioneuvosto.fi/ajankohtaista/kuvapankki/kuvaoikeudet-flickr/sv.jsp"" rel=""noreferrer nofollow""&gt;Villkor för att använda bilderna&lt;/a&gt; - &lt;a href=""http://www.valtioneuvosto.fi/ajankohtaista/kuvapankki/kuvaoikeudet-flickr/en.jsp"" rel=""noreferrer nofollow""&gt;Use and rights&lt;/a&gt; © Fanni Uusitalo, valtioneuvoston kanslia",ohisalo,../data/raw/ohisalo/a813a64a1f03d8155e44944a46be19e778a5b14e.jpg
File:Viisikko (viisikko-A-2).jpg,https://upload.wikimedia.org/wikipedia/commons/5/52/Viisikko_%28viisikko-A-2%29.jpg?utm_source=commons.wikimedia.org&utm_campaign=imageinfo&utm_content=original,https://commons.wikimedia.org/wiki/File:Viisikko_(viisikko-A-2).jpg,4320,2880,image/jpeg,be71fe4e239d02ba175e536f8cb4617879e4fc1e,2023-05-16T05:46:19Z,Zache,CC BY 4.0,https://creativecommons.org/licenses/by/4.0,Laura Kotila,creation time: 2020-10-12; file modification time: 2020-09-12,Government / Viisikko / viisikko-A-2,ohisalo,../data/raw/ohisalo/be71fe4e239d02ba175e536f8cb4617879e4fc1e.jpg
File:Viisikko (viisikko-C-).jpg,https://upload.wikimedia.org/wikipedia/commons/0/0c/Viisikko_%28viisikko-C-%29.jpg?utm_source=commons.wikimedia.org&utm_campaign=imageinfo&utm_content=original,https://commons.wikimedia.org/wiki/File:Viisikko_(viisikko-C-).jpg,4320,2880,image/jpeg,c67a1baf310d6dd93612df0eb6a8947fda03b831,2023-05-16T05:59:22Z,Zache,CC BY 4.0,https://creativecommons.org/licenses/by/4.0,Laura Kotila,creation time: 2020-10-12; file modification time: 2020-09-12,Government / Viisikko / viisikko-C-,ohisalo,../data/raw/ohisalo/c67a1baf310d6dd93612df0eb6a8947fda03b831.jpg
File:Maria Ohisalo (maria-ohisalo-0133).jpg,https://upload.wikimedia.org/wikipedia/commons/d/db/Maria_Ohisalo_%28maria-ohisalo-0133%29.jpg?utm_source=commons.wikimedia.org&utm_campaign=imageinfo&utm_content=original,https://commons.wikimedia.org/wiki/File:Maria_Ohisalo_(maria-ohisalo-0133).jpg,4000,2593,image/jpeg,ce40c70bc7641ff11493bf413c9e3bf72dfe3be4,2023-05-16T09:25:58Z,Zache,CC BY 4.0,https://creativecommons.org/licenses/by/4.0,Laura Kotila,creation time: 2019-03-07; modification time: 2022-17-06; file modification time: 2019-26-06,Ministers / Maria Ohisalo / maria-ohisalo-0133,ohisalo,../data/raw/ohisalo/ce40c70bc7641ff11493bf413c9e3bf72dfe3be4.jpg
File:Viisikko (viisikko 2022-3).jpg,https://upload.wikimedia.org/wikipedia/commons/9/9c/Viisikko_%28viisikko_2022-3%29.jpg?utm_source=commons.wikimedia.org&utm_campaign=imageinfo&utm_content=original,https://commons.wikimedia.org/wiki/File:Viisikko_(viisikko_2022-3).jpg,6720,4480,image/jpeg,7385c35bf6a0c902d5929a0456f30ad61318fb84,2023-05-16T14:26:58Z,Zache,CC BY 4.0,https://creativecommons.org/licenses/by/4.0,Lauri Heikkinen,creation time: 2022-12-09,Government / Viisikko / viisikko 2022-3,ohisalo,../data/raw/ohisalo/7385c35bf6a0c902d5929a0456f30ad61318fb84.jpg
File:1718281619233 20240612 OHISALO Maria FI 009.jpg,https://upload.wikimedia.org/wikipedia/commons/c/c8/1718281619233_20240612_OHISALO_Maria_FI_009.jpg?utm_source=commons.wikimedia.org&utm_campaign=imageinfo&utm_content=original,https://commons.wikimedia.org/wiki/File:1718281619233_20240612_OHISALO_Maria_FI_009.jpg,3528,4536,image/jpeg,cf764eb7c110a0430ea433d6480d88be9baa0f08,2024-07-31T14:00:59Z,Jcornelius,European Parliament,https://www.europarl.europa.eu/legal-notice/,European Union 2024 - Source : EP,2024-06,MEP Maria Ohisalo,ohisalo,../data/raw/ohisalo/cf764eb7c110a0430ea433d6480d88be9baa0f08.jpg
File:Maria Ohisalo.JPG,https://upload.wikimedia.org/wikipedia/commons/1/1f/Maria_Ohisalo.JPG?utm_source=commons.wikimedia.org&utm_campaign=imageinfo&utm_content=original,https://commons.wikimedia.org/wiki/File:Maria_Ohisalo.JPG,3072,2304,image/jpeg,37bc3443b94ad9f1790e35d169d9fc028bee0b24,2015-06-13T11:00:48Z,Kaihsu,CC BY-SA 4.0,https://creativecommons.org/licenses/by-sa/4.0,Kaihsu Tai,2015-06-05 17:01:14,Maria Ohisalo,ohisalo,../data/raw/ohisalo/37bc3443b94ad9f1790e35d169d9fc028bee0b24.jpg
File:Maria Ohisalo (cropped).JPG,https://upload.wikimedia.org/wikipedia/commons/f/fa/Maria_Ohisalo_%28cropped%29.JPG?utm_source=commons.wikimedia.org&utm_campaign=imageinfo&utm_content=original,https://commons.wikimedia.org/wiki/File:Maria_Ohisalo_(cropped).JPG,955,1274,image/jpeg,8655dde8c48dab1638acaf0bfca00c2bcb44f492,2018-11-03T21:41:30Z,Bff,CC BY-SA 4.0,https://creativecommons.org/licenses/by-sa/4.0,Kaihsu Tai,2015-06-05 17:01:14,Maria Ohisalo,ohisalo,../data/raw/ohisalo/8655dde8c48dab1638acaf0bfca00c2bcb44f492.jpg
File:Sanna Marin Government 10 December 2019 2.jpg,https://upload.wikimedia.org/wikipedia/commons/0/08/Sanna_Marin_Government_10_December_2019_2.jpg?utm_source=commons.wikimedia.org&utm_campaign=imageinfo&utm_content=original,https://commons.wikimedia.org/wiki/File:Sanna_Marin_Government_10_December_2019_2.jpg,4000,2644,image/jpeg,60468e6b74215380c91c2519b044cf158ef7421c,2020-02-22T19:25:55Z,Onsilla,CC BY 2.0,https://creativecommons.org/licenses/by/2.0,Laura Kotila / Prime Minister's Office Finland,2019-12-10 16:20:53,Group picture of the recently appointed Finnish Government Ministers under Prime Minister Sanna Marin,ohisalo,../data/raw/ohisalo/60468e6b74215380c91c2519b044cf158ef7421c.jpg
File:Sanna Marin's cabinet 19.12.2019.jpg,https://upload.wikimedia.org/wikipedia/commons/c/c9/Sanna_Marin%27s_cabinet_19.12.2019.jpg?utm_source=commons.wikimedia.org&utm_campaign=imageinfo&utm_content=original,https://commons.wikimedia.org/wiki/File:Sanna_Marin%27s_cabinet_19.12.2019.jpg,4000,2707,image/jpeg,e90b13ecc185e93ae0a521efec4ce967fdec7b62,2020-02-22T20:38:50Z,Onsilla,CC BY 2.0,https://creativecommons.org/licenses/by/2.0,Laura Kotila / Prime Minister's Office Finland,2019-12-19 14:04:51,"Yhteiskuvassa hallituksen ns. johtoviisikko: pääministeri Sanna Marin, valtiovarainministeri Katri Kulmuni, opetusministeri Li Andersson, oikeusministeri Anna-Maja Henriksson ja sisäministeri Maria Ohisalo.",ohisalo,../data/raw/ohisalo/e90b13ecc185e93ae0a521efec4ce967fdec7b62.jpg
File:Hallituksen tiedotustilaisuus koronavirustilanteesta 20.3.2020. (49679391042).jpg,https://upload.wikimedia.org/wikipedia/commons/3/37/Hallituksen_tiedotustilaisuus_koronavirustilanteesta_20.3.2020._%2849679391042%29.jpg?utm_source=commons.wikimedia.org&utm_campaign=imageinfo&utm_content=original,https://commons.wikimedia.org/wiki/File:Hallituksen_tiedotustilaisuus_koronavirustilanteesta_20.3.2020._(49679391042).jpg,4000,2667,image/jpeg,06a5d4ab8e565e5fbaaab094c65a409c609d7869,2020-03-22T08:42:07Z,A1Cafel,CC BY 2.0,https://creativecommons.org/licenses/by/2.0,FinnishGovernment,2020-03-20 12:23,Hallitus esittää laajoja taloustoimia koronavirusepidemian haittojen minimoimiseksi. © Laura Kotila | valtioneuvoston kanslia,ohisalo,../data/raw/ohisalo/06a5d4ab8e565e5fbaaab094c65a409c609d7869.jpg
File:Hallituksen neuvottelu Säätytalossa 22.4.2020 (49804943126).jpg,https://upload.wikimedia.org/wikipedia/commons/f/fc/Hallituksen_neuvottelu_S%C3%A4%C3%A4tytalossa_22.4.2020_%2849804943126%29.jpg?utm_source=commons.wikimedia.org&utm_campaign=imageinfo&utm_content=original,https://commons.wikimedia.org/wiki/File:Hallituksen_neuvottelu_S%C3%A4%C3%A4tytalossa_22.4.2020_(49804943126).jpg,5492,3225,image/jpeg,8be58c360a81e5fb1aae01b01ea2349413e76a5a,2020-04-22T12:54:45Z,Killarnee,CC BY 2.0,https://creativecommons.org/licenses/by/2.0,FinnishGovernment,2020-04-22 10:07,© Lauri Heikkinen | valtioneuvoston kanslia,ohisalo,../data/raw/ohisalo/8be58c360a81e5fb1aae01b01ea2349413e76a5a.jpg
File:Hallituksen neuvottelu Säätytalossa 22.4.2020 (49805253517).jpg,https://upload.wikimedia.org/wikipedia/commons/6/6b/Hallituksen_neuvottelu_S%C3%A4%C3%A4tytalossa_22.4.2020_%2849805253517%29.jpg?utm_source=commons.wikimedia.org&utm_campaign=imageinfo&utm_content=original,https://commons.wikimedia.org/wiki/File:Hallituksen_neuvottelu_S%C3%A4%C3%A4tytalossa_22.4.2020_(49805253517).jpg,6293,3919,image/jpeg,5ba2d1c24ae5363c56893c6275e5468781c8abe2,2020-04-22T12:54:46Z,Killarnee,CC BY 2.0,https://creativecommons.org/licenses/by/2.0,FinnishGovernment,2020-04-22 10:05,© Lauri Heikkinen | valtioneuvoston kanslia,ohisalo,../data/raw/ohisalo/5ba2d1c24ae5363c56893c6275e5468781c8abe2.jpg
File:Hallituksen neuvottelu Säätytalossa 22.4.2020 (49805253552).jpg,https://upload.wikimedia.org/wikipedia/commons/8/88/Hallituksen_neuvottelu_S%C3%A4%C3%A4tytalossa_22.4.2020_%2849805253552%29.jpg?utm_source=commons.wikimedia.org&utm_campaign=imageinfo&utm_content=original,https://commons.wikimedia.org/wiki/File:Hallituksen_neuvottelu_S%C3%A4%C3%A4tytalossa_22.4.2020_(49805253552).jpg,6720,4480,image/jpeg,f8b57c5cd6c62bb72d65a39cbcef8e32397012c7,2020-04-22T12:54:50Z,Killarnee,CC BY 2.0,https://creativecommons.org/licenses/by/2.0,FinnishGovernment,2020-04-22 10:05,© Lauri Heikkinen | valtioneuvoston kanslia,ohisalo,../data/raw/ohisalo/f8b57c5cd6c62bb72d65a39cbcef8e32397012c7.jpg
File:Kehysriihen tiedotustilaisuus 8.4.2020 (49749461611).jpg,https://upload.wikimedia.org/wikipedia/commons/3/31/Kehysriihen_tiedotustilaisuus_8.4.2020_%2849749461611%29.jpg?utm_source=commons.wikimedia.org&utm_campaign=imageinfo&utm_content=original,https://commons.wikimedia.org/wiki/File:Kehysriihen_tiedotustilaisuus_8.4.2020_(49749461611).jpg,3166,5535,image/jpeg,c67acb989fb11d52df7f11a3235ec0c44a396170,2020-04-22T13:00:14Z,Killarnee,CC BY 2.0,https://creativecommons.org/licenses/by/2.0,FinnishGovernment,2020-04-08 14:58,© Lauri Heikkinen | valtioneuvoston kanslia,ohisalo,../data/raw/ohisalo/c67acb989fb11d52df7f11a3235ec0c44a396170.jpg
File:Kehysriihi Säätytalossa 8.4.2020 (49748290753).jpg,https://upload.wikimedia.org/wikipedia/commons/0/0b/Kehysriihi_S%C3%A4%C3%A4tytalossa_8.4.2020_%2849748290753%29.jpg?utm_source=commons.wikimedia.org&utm_campaign=imageinfo&utm_content=original,https://commons.wikimedia.org/wiki/File:Kehysriihi_S%C3%A4%C3%A4tytalossa_8.4.2020_(49748290753).jpg,6720,3439,image/jpeg,6c95bc629697793fc3e3bd1567bbe63c5a147121,2020-04-22T13:03:11Z,Killarnee,CC BY 2.0,https://creativecommons.org/licenses/by/2.0,FinnishGovernment,2020-04-08 08:56,© Lauri Heikkinen | valtioneuvoston kanslia,ohisalo,../data/raw/ohisalo/6c95bc629697793fc3e3bd1567bbe63c5a147121.jpg
File:Kehysriihi Säätytalossa 8.4.2020 (49748833246).jpg,https://upload.wikimedia.org/wikipedia/commons/7/75/Kehysriihi_S%C3%A4%C3%A4tytalossa_8.4.2020_%2849748833246%29.jpg?utm_source=commons.wikimedia.org&utm_campaign=imageinfo&utm_content=original,https://commons.wikimedia.org/wiki/File:Kehysriihi_S%C3%A4%C3%A4tytalossa_8.4.2020_(49748833246).jpg,5005,4171,image/jpeg,a10c12190f180c8b520bc3d2b59f7b2aff6de352,2020-04-22T13:03:14Z,Killarnee,CC BY 2.0,https://creativecommons.org/licenses/by/2.0,FinnishGovernment,2020-04-08 08:57,© Lauri Heikkinen | valtioneuvoston kanslia,ohisalo,../data/raw/ohisalo/a10c12190f180c8b520bc3d2b59f7b2aff6de352.jpg
File:Hallituksen infotilaisuus koronavirustilanteesta 25.3.2020 (49698718236).jpg,https://upload.wikimedia.org/wikipedia/commons/c/c9/Hallituksen_infotilaisuus_koronavirustilanteesta_25.3.2020_%2849698718236%29.jpg?utm_source=commons.wikimedia.org&utm_campaign=imageinfo&utm_content=original,https://commons.wikimedia.org/wiki/File:Hallituksen_infotilaisuus_koronavirustilanteesta_25.3.2020_(49698718236).jpg,6720,3988,image/jpeg,213c8bf3d985e688c0771dc1474bed187ba26c3f,2020-04-22T13:17:05Z,Killarnee,CC BY 2.0,https://creativecommons.org/licenses/by/2.0,FinnishGovernment,2020-03-25 23:11,© Lauri Heikkinen | valtioneuvoston kanslia,ohisalo,../data/raw/ohisalo/213c8bf3d985e688c0771dc1474bed187ba26c3f.jpg
File:Hallituksen infotilaisuus koronavirustilanteesta 25.3.2020 (49698187363).jpg,https://upload.wikimedia.org/wikipedia/commons/1/1d/Hallituksen_infotilaisuus_koronavirustilanteesta_25.3.2020_%2849698187363%29.jpg?utm_source=commons.wikimedia.org&utm_campaign=imageinfo&utm_content=original,https://commons.wikimedia.org/wiki/File:Hallituksen_infotilaisuus_koronavirustilanteesta_25.3.2020_(49698187363).jpg,6115,3270,image/jpeg,c6703385942ffacbb623465d153b0f8d05a5f914,2020-04-22T13:17:16Z,Killarnee,CC BY 2.0,https://creativecommons.org/licenses/by/2.0,FinnishGovernment,2020-03-25 23:08,© Lauri Heikkinen | valtioneuvoston kanslia,ohisalo,../data/raw/ohisalo/c6703385942ffacbb623465d153b0f8d05a5f914.jpg
File:Hallituksen neuvottelu Säätytalossa 25.3.2020 (49697907606).jpg,https://upload.wikimedia.org/wikipedia/commons/0/04/Hallituksen_neuvottelu_S%C3%A4%C3%A4tytalossa_25.3.2020_%2849697907606%29.jpg?utm_source=commons.wikimedia.org&utm_campaign=imageinfo&utm_content=original,https://commons.wikimedia.org/wiki/File:Hallituksen_neuvottelu_S%C3%A4%C3%A4tytalossa_25.3.2020_(49697907606).jpg,5778,3580,image/jpeg,52ebb2044cdd301badcfcd115a436f9ab73cc0a7,2020-04-22T13:17:44Z,Killarnee,CC BY 2.0,https://creativecommons.org/licenses/by/2.0,FinnishGovernment,2020-03-25 18:32,© Lauri Heikkinen | valtioneuvoston kanslia,ohisalo,../data/raw/ohisalo/52ebb2044cdd301badcfcd115a436f9ab73cc0a7.jpg
File:Hallituspuolueiden yhteinen ilmastokokous 3.2.2020 (49481655863).jpg,https://upload.wikimedia.org/wikipedia/commons/5/5f/Hallituspuolueiden_yhteinen_ilmastokokous_3.2.2020_%2849481655863%29.jpg?utm_source=commons.wikimedia.org&utm_campaign=imageinfo&utm_content=original,https://commons.wikimedia.org/wiki/File:Hallituspuolueiden_yhteinen_ilmastokokous_3.2.2020_(49481655863).jpg,3500,2333,image/jpeg,d18c51115efcc37a6f9c35e0a7e7f2b0d39380ce,2020-04-22T13:25:26Z,Killarnee,CC BY 2.0,https://creativecommons.org/licenses/by/2.0,FinnishGovernment,2020-02-03 11:54,Hallitus ja hallituspuolueiden eduskuntaryhmät kokoontuivat yhteiseen ilmastokokoukseen Helsingin Vuosaareen. © Laura Kotila | valtioneuvoston kanslia,ohisalo,../data/raw/ohisalo/d18c51115efcc37a6f9c35e0a7e7f2b0d39380ce.jpg
File:Valtioneuvoston yleisistunto 30.1.2020 (49463902776).jpg,https://upload.wikimedia.org/wikipedia/commons/4/49/Valtioneuvoston_yleisistunto_30.1.2020_%2849463902776%29.jpg?utm_source=commons.wikimedia.org&utm_campaign=imageinfo&utm_content=original,https://commons.wikimedia.org/wiki/File:Valtioneuvoston_yleisistunto_30.1.2020_(49463902776).jpg,6579,3670,image/jpeg,93301e9cbe16003aca23a10aa25bb91b371415c8,2020-04-22T13:28:28Z,Killarnee,CC BY 2.0,https://creativecommons.org/licenses/by/2.0,FinnishGovernment,2020-01-30 14:05,© Lauri Heikkinen | valtioneuvoston kanslia,ohisalo,../data/raw/ohisalo/93301e9cbe16003aca23a10aa25bb91b371415c8.jpg
File:Marinin hallituksen nimitys 10.12.2019 (49199012998).jpg,https://upload.wikimedia.org/wikipedia/commons/b/b4/Marinin_hallituksen_nimitys_10.12.2019_%2849199012998%29.jpg?utm_source=commons.wikimedia.org&utm_campaign=imageinfo&utm_content=original,https://commons.wikimedia.org/wiki/File:Marinin_hallituksen_nimitys_10.12.2019_(49199012998).jpg,6483,4173,image/jpeg,1eb3fd65d1937538db788cb7e19e7d087f97651f,2020-04-22T13:34:12Z,Killarnee,CC BY 2.0,https://creativecommons.org/licenses/by/2.0,FinnishGovernment,2019-12-10 18:45,©Lauri Heikkinen/Valtioneuvoston kanslia,ohisalo,../data/raw/ohisalo/1eb3fd65d1937538db788cb7e19e7d087f97651f.jpg
File:Marinin hallituksen nimitys 10.12.2019 (49199709062).jpg,https://upload.wikimedia.org/wikipedia/commons/8/87/Marinin_hallituksen_nimitys_10.12.2019_%2849199709062%29.jpg?utm_source=commons.wikimedia.org&utm_campaign=imageinfo&utm_content=original,https://commons.wikimedia.org/wiki/File:Marinin_hallituksen_nimitys_10.12.2019_(49199709062).jpg,4710,2931,image/jpeg,46484e7d82108be32fc0846a0b4aa4f7ee872b8b,2020-04-22T13:34:29Z,Killarnee,CC BY 2.0,https://creativecommons.org/licenses/by/2.0,FinnishGovernment,2019-12-10 18:31,©Lauri Heikkinen/Valtioneuvoston kanslia,ohisalo,../data/raw/ohisalo/46484e7d82108be32fc0846a0b4aa4f7ee872b8b.jpg
File:Marinin hallituksen nimitys 10.12.2019 (49199014718).jpg,https://upload.wikimedia.org/wikipedia/commons/4/44/Marinin_hallituksen_nimitys_10.12.2019_%2849199014718%29.jpg?utm_source=commons.wikimedia.org&utm_campaign=imageinfo&utm_content=original,https://commons.wikimedia.org/wiki/File:Marinin_hallituksen_nimitys_10.12.2019_(49199014718).jpg,6413,3629,image/jpeg,dc8b191ba8c8613f4a2c97c13dfc0d97cbf11329,2020-04-22T13:34:34Z,Killarnee,CC BY 2.0,https://creativecommons.org/licenses/by/2.0,FinnishGovernment,2019-12-10 18:29,©Lauri Heikkinen/Valtioneuvoston kanslia,ohisalo,../data/raw/ohisalo/dc8b191ba8c8613f4a2c97c13dfc0d97cbf11329.jpg
File:Marinin hallituksen nimitys 10.12.2019 (49199007152).jpg,https://upload.wikimedia.org/wikipedia/commons/8/8b/Marinin_hallituksen_nimitys_10.12.2019_%2849199007152%29.jpg?utm_source=commons.wikimedia.org&utm_campaign=imageinfo&utm_content=original,https://commons.wikimedia.org/wiki/File:Marinin_hallituksen_nimitys_10.12.2019_(49199007152).jpg,4000,2423,image/jpeg,2228f7295b7448c41d03e7b9e97fe34233e6ee5b,2020-04-22T13:36:34Z,Killarnee,CC BY 2.0,https://creativecommons.org/licenses/by/2.0,FinnishGovernment,2019-12-10 16:28,Hallituksen ryhmäkuva ©Laura Kotila/Valtioneuvoston kanslia,ohisalo,../data/raw/ohisalo/2228f7295b7448c41d03e7b9e97fe34233e6ee5b.jpg
File:Marinin hallituksen nimitys 10.12.2019 (49198310448).jpg,https://upload.wikimedia.org/wikipedia/commons/1/1f/Marinin_hallituksen_nimitys_10.12.2019_%2849198310448%29.jpg?utm_source=commons.wikimedia.org&utm_campaign=imageinfo&utm_content=original,https://commons.wikimedia.org/wiki/File:Marinin_hallituksen_nimitys_10.12.2019_(49198310448).jpg,4000,3153,image/jpeg,0f92d47231d6b1befe6e9e1a4e1e63a1c03869d9,2020-04-22T13:36:38Z,Killarnee,CC BY 2.0,https://creativecommons.org/licenses/by/2.0,FinnishGovernment,2019-12-10 16:27,Hallituksen ryhmäkuva ©Laura Kotila/Valtioneuvoston kanslia,ohisalo,../data/raw/ohisalo/0f92d47231d6b1befe6e9e1a4e1e63a1c03869d9.jpg
File:Hallituksen tiedotustilaisuus koronarajoitusten purkamisesta 4.5.2020 (49856101442).jpg,https://upload.wikimedia.org/wikipedia/commons/5/5c/Hallituksen_tiedotustilaisuus_koronarajoitusten_purkamisesta_4.5.2020_%2849856101442%29.jpg?utm_source=commons.wikimedia.org&utm_campaign=imageinfo&utm_content=original,https://commons.wikimedia.org/wiki/File:Hallituksen_tiedotustilaisuus_koronarajoitusten_purkamisesta_4.5.2020_(49856101442).jpg,4480,6066,image/jpeg,f7189df6408d877de74a41b767f20645f4241990,2020-05-08T16:21:42Z,Killarnee,CC BY 2.0,https://creativecommons.org/licenses/by/2.0,FinnishGovernment,2020-05-04 20:11,© Lauri Heikkinen | valtioneuvoston kanslia,ohisalo,../data/raw/ohisalo/f7189df6408d877de74a41b767f20645f4241990.jpg
File:Hallituksen neuvottelut Säätytalossa 4.5.2020 (49853957591).jpg,https://upload.wikimedia.org/wikipedia/commons/f/f9/Hallituksen_neuvottelut_S%C3%A4%C3%A4tytalossa_4.5.2020_%2849853957591%29.jpg?utm_source=commons.wikimedia.org&utm_campaign=imageinfo&utm_content=original,https://commons.wikimedia.org/wiki/File:Hallituksen_neuvottelut_S%C3%A4%C3%A4tytalossa_4.5.2020_(49853957591).jpg,4000,2667,image/jpeg,e6c37fec464000da11cef220110404984814890a,2020-05-08T16:23:11Z,Killarnee,CC BY 2.0,https://creativecommons.org/licenses/by/2.0,FinnishGovernment,2020-05-04 09:24,© Laura Kotila | valtioneuvoston kanslia,ohisalo,../data/raw/ohisalo/e6c37fec464000da11cef220110404984814890a.jpg
File:Hallituksen neuvottelut Säätytalossa 3.5.2020 (49849590377).jpg,https://upload.wikimedia.org/wikipedia/commons/8/8a/Hallituksen_neuvottelut_S%C3%A4%C3%A4tytalossa_3.5.2020_%2849849590377%29.jpg?utm_source=commons.wikimedia.org&utm_campaign=imageinfo&utm_content=original,https://commons.wikimedia.org/wiki/File:Hallituksen_neuvottelut_S%C3%A4%C3%A4tytalossa_3.5.2020_(49849590377).jpg,2705,4000,image/jpeg,42dec165a2d306a2bf6917fd8f8f2af8eb95c31c,2020-05-08T16:24:09Z,Killarnee,CC BY 2.0,https://creativecommons.org/licenses/by/2.0,FinnishGovernment,2020-05-03 10:04,© Laura Kotila | valtioneuvoston kanslia,ohisalo,../data/raw/ohisalo/42dec165a2d306a2bf6917fd8f8f2af8eb95c31c.jpg
File:Hallituksen neuvottelu Säätytalossa 13.5.2020 (49890545776).jpg,https://upload.wikimedia.org/wikipedia/commons/9/9d/Hallituksen_neuvottelu_S%C3%A4%C3%A4tytalossa_13.5.2020_%2849890545776%29.jpg?utm_source=commons.wikimedia.org&utm_campaign=imageinfo&utm_content=original,https://commons.wikimedia.org/wiki/File:Hallituksen_neuvottelu_S%C3%A4%C3%A4tytalossa_13.5.2020_(49890545776).jpg,5075,3111,image/jpeg,73b2ac4e990c3510b8add5093b7af7fbfb3836cf,2020-05-15T09:57:04Z,Kyykaarme,CC BY 2.0,https://creativecommons.org/licenses/by/2.0,FinnishGovernment,2020-05-13 16:56,"Hallituksen neuvottelu Säätytalossa 13.5.2020 © Lauri Heikkinen, valtioneuvoston kanslia",ohisalo,../data/raw/ohisalo/73b2ac4e990c3510b8add5093b7af7fbfb3836cf.jpg
File:Hallituksen neuvottelu Säätytalossa 13.5.2020 (49890853362).jpg,https://upload.wikimedia.org/wikipedia/commons/0/03/Hallituksen_neuvottelu_S%C3%A4%C3%A4tytalossa_13.5.2020_%2849890853362%29.jpg?utm_source=commons.wikimedia.org&utm_campaign=imageinfo&utm_content=original,https://commons.wikimedia.org/wiki/File:Hallituksen_neuvottelu_S%C3%A4%C3%A4tytalossa_13.5.2020_(49890853362).jpg,5118,3839,image/jpeg,bebdb9dd9d7ef78a4b509d244eab4e1009ddba59,2020-05-15T09:57:07Z,Kyykaarme,CC BY 2.0,https://creativecommons.org/licenses/by/2.0,FinnishGovernment,2020-05-13 16:56,"Hallituksen neuvottelu Säätytalossa 13.5.2020 © Lauri Heikkinen, valtioneuvoston kanslia",ohisalo,../data/raw/ohisalo/bebdb9dd9d7ef78a4b509d244eab4e1009ddba59.jpg
File:Hallituksen tiedotustilaisuus 23.6.2020 (50037683157).jpg,https://upload.wikimedia.org/wikipedia/commons/b/b5/Hallituksen_tiedotustilaisuus_23.6.2020_%2850037683157%29.jpg?utm_source=commons.wikimedia.org&utm_campaign=imageinfo&utm_content=original,https://commons.wikimedia.org/wiki/File:Hallituksen_tiedotustilaisuus_23.6.2020_(50037683157).jpg,6720,3667,image/jpeg,2d8472ad39b11eb9f322d2cadfd63837817f8bb5,2020-06-27T07:03:37Z,A1Cafel,CC BY 2.0,https://creativecommons.org/licenses/by/2.0,FinnishGovernment,2020-06-23 18:29,© Lauri Heikkinen | valtioneuvoston kanslia,ohisalo,../data/raw/ohisalo/2d8472ad39b11eb9f322d2cadfd63837817f8bb5.jpg
File:Hallituksen tiedotustilaisuus 23.6.2020 (50037421486).jpg,https://upload.wikimedia.org/wikipedia/commons/1/12/Hallituksen_tiedotustilaisuus_23.6.2020_%2850037421486%29.jpg?utm_source=commons.wikimedia.org&utm_campaign=imageinfo&utm_content=original,https://commons.wikimedia.org/wiki/File:Hallituksen_tiedotustilaisuus_23.6.2020_(50037421486).jpg,4480,4948,image/jpeg,cf52fdce0bd83ace4b3d35cd73cbb2477873326b,2020-06-27T07:03:49Z,A1Cafel,CC BY 2.0,https://creativecommons.org/licenses/by/2.0,FinnishGovernment,2020-06-23 18:28,© Lauri Heikkinen | valtioneuvoston kanslia,ohisalo,../data/raw/ohisalo/cf52fdce0bd83ace4b3d35cd73cbb2477873326b.jpg
File:Hallituksen tiedotustilaisuus 19.8.2020 (50242742453).jpg,https://upload.wikimedia.org/wikipedia/commons/9/9f/Hallituksen_tiedotustilaisuus_19.8.2020_%2850242742453%29.jpg?utm_source=commons.wikimedia.org&utm_campaign=imageinfo&utm_content=original,https://commons.wikimedia.org/wiki/File:Hallituksen_tiedotustilaisuus_19.8.2020_(50242742453).jpg,4480,6193,image/jpeg,8e66ab16586fa08f4e7cd642f633abad0515dbe2,2020-09-18T15:32:43Z,A1Cafel,CC BY 2.0,https://creativecommons.org/licenses/by/2.0,FinnishGovernment,2020-08-19 08:39,© Lauri Heikkinen | valtioneuvoston kanslia,ohisalo,../data/raw/ohisalo/8e66ab16586fa08f4e7cd642f633abad0515dbe2.jpg
File:Hallituksen tiedotustilaisuus 25.2.2021 (50978695511).jpg,https://upload.wikimedia.org/wikipedia/commons/4/45/Hallituksen_tiedotustilaisuus_25.2.2021_%2850978695511%29.jpg?utm_source=commons.wikimedia.org&utm_campaign=imageinfo&utm_content=original,https://commons.wikimedia.org/wiki/File:Hallituksen_tiedotustilaisuus_25.2.2021_(50978695511).jpg,4000,2667,image/jpeg,9a24cb8ef838c89342d3420cc6197a608522b351,2021-04-27T02:19:51Z,A1Cafel,CC BY 2.0,https://creativecommons.org/licenses/by/2.0,FinnishGovernment,2021-02-25 09:42,"Hallitus linjasi siirtymisestä välittömästi koronaepidemian torjunnan tasolle kaksi, hallitus valmis ottamaan poikkeusolot käyttöön. © Laura Kotila - valtioneuvoston kanslia",ohisalo,../data/raw/ohisalo/9a24cb8ef838c89342d3420cc6197a608522b351.jpg
File:Hallituksen tiedotustilaisuus 25.2.2021 (50977995898).jpg,https://upload.wikimedia.org/wikipedia/commons/9/94/Hallituksen_tiedotustilaisuus_25.2.2021_%2850977995898%29.jpg?utm_source=commons.wikimedia.org&utm_campaign=imageinfo&utm_content=original,https://commons.wikimedia.org/wiki/File:Hallituksen_tiedotustilaisuus_25.2.2021_(50977995898).jpg,4000,2667,image/jpeg,c27caf23edc59ddf3c112d52dae34831e1bed82d,2021-04-27T02:19:50Z,A1Cafel,CC BY 2.0,https://creativecommons.org/licenses/by/2.0,FinnishGovernment,2021-02-25 09:41,"Hallitus linjasi siirtymisestä välittömästi koronaepidemian torjunnan tasolle kaksi, hallitus valmis ottamaan poikkeusolot käyttöön. © Laura Kotila - valtioneuvoston kanslia",ohisalo,../data/raw/ohisalo/c27caf23edc59ddf3c112d52dae34831e1bed82d.jpg
File:Hallituksen tiedotustilaisuus 25.2.2021 (50978805442).jpg,https://upload.wikimedia.org/wikipedia/commons/3/3b/Hallituksen_tiedotustilaisuus_25.2.2021_%2850978805442%29.jpg?utm_source=commons.wikimedia.org&utm_campaign=imageinfo&utm_content=original,https://commons.wikimedia.org/wiki/File:Hallituksen_tiedotustilaisuus_25.2.2021_(50978805442).jpg,4000,2628,image/jpeg,292f0a1bd3ca47b431f73ed0ede40fbbe2befc7f,2021-04-27T02:20:02Z,A1Cafel,CC BY 2.0,https://creativecommons.org/licenses/by/2.0,FinnishGovernment,2021-02-25 09:53,"Hallitus linjasi siirtymisestä välittömästi koronaepidemian torjunnan tasolle kaksi, hallitus valmis ottamaan poikkeusolot käyttöön. © Laura Kotila - valtioneuvoston kanslia",ohisalo,../data/raw/ohisalo/292f0a1bd3ca47b431f73ed0ede40fbbe2befc7f.jpg
File:Into the Woods -seminaari 24.11.2022 (52520980678).jpg,https://upload.wikimedia.org/wikipedia/commons/5/5e/Into_the_Woods_-seminaari_24.11.2022_%2852520980678%29.jpg?utm_source=commons.wikimedia.org&utm_campaign=imageinfo&utm_content=original,https://commons.wikimedia.org/wiki/File:Into_the_Woods_-seminaari_24.11.2022_(52520980678).jpg,6112,4075,image/jpeg,0bc959153e89e5c532345dfca37ff25653253dc7,2022-11-24T18:18:20Z,Sikander,CC BY 2.0,https://creativecommons.org/licenses/by/2.0,FinnishGovernment,2022-11-24 11:30,"From left to right: Virginijus Sinkevicius, Maria Ohisalo &lt;a href=""https://www.valtioneuvosto.fi/ajankohtaista/kuvapankki/kuvaoikeudet-flickr/fi.jsp"" rel=""noreferrer nofollow""&gt;Kuvien käyttöehdot&lt;/a&gt; - &lt;a href=""https://www.valtioneuvosto.fi/ajankohtaista/kuvapankki/kuvaoikeudet-flickr/sv.jsp"" rel=""noreferrer nofollow""&gt;Villkor för att använda bilderna&lt;/a&gt; - &lt;a href=""https://www.valtioneuvosto.fi/ajankohtaista/kuvapankki/kuvaoikeudet-flickr/en.jsp"" rel=""noreferrer nofollow""&gt;Use and rights&lt;/a&gt; © Stina Virkamäki, valtioneuvoston kanslia",ohisalo,../data/raw/ohisalo/0bc959153e89e5c532345dfca37ff25653253dc7.jpg
File:Maria Ohisalo in 2022.jpg,https://upload.wikimedia.org/wikipedia/commons/5/51/Maria_Ohisalo_in_2022.jpg?utm_source=commons.wikimedia.org&utm_campaign=imageinfo&utm_content=original,https://commons.wikimedia.org/wiki/File:Maria_Ohisalo_in_2022.jpg,4500,3000,image/jpeg,a4f288876f325be1e6e79add27e6158bdb90f75f,2023-02-10T23:19:05Z,Ur Nan123,CC BY 4.0,https://creativecommons.org/licenses/by/4.0,"Fanni Uusitalo, valtioneuvoston kanslia",2022-06-10,Maria Ohisalo in 2022.,ohisalo,../data/raw/ohisalo/a4f288876f325be1e6e79add27e6158bdb90f75f.jpg
File:Maria Ohisalo in 2022 (cropped).jpg,https://upload.wikimedia.org/wikipedia/commons/3/3e/Maria_Ohisalo_in_2022_%28cropped%29.jpg?utm_source=commons.wikimedia.org&utm_campaign=imageinfo&utm_content=original,https://commons.wikimedia.org/wiki/File:Maria_Ohisalo_in_2022_(cropped).jpg,1667,2224,image/jpeg,f4184e3dd6dfd6034355e2b674f30e4ed70cc7b9,2023-02-12T01:41:30Z,Ur Nan123,CC BY 4.0,https://creativecommons.org/licenses/by/4.0,"Fanni Uusitalo, valtioneuvoston kanslia",2022-06-10,Maria Ohisalo in 2022.,ohisalo,../data/raw/ohisalo/f4184e3dd6dfd6034355e2b674f30e4ed70cc7b9.jpg
File:Maria Ohisalo in 2022 (cropped 1).jpg,https://upload.wikimedia.org/wikipedia/commons/c/c5/Maria_Ohisalo_in_2022_%28cropped_1%29.jpg?utm_source=commons.wikimedia.org&utm_campaign=imageinfo&utm_content=original,https://commons.wikimedia.org/wiki/File:Maria_Ohisalo_in_2022_(cropped_1).jpg,1308,1743,image/jpeg,6ad52dc0110cc5fe7c83a0a9a1e2f9a5ba30a9b5,2023-02-20T22:56:47Z,Vacant0,CC BY 4.0,https://creativecommons.org/licenses/by/4.0,"Fanni Uusitalo, valtioneuvoston kanslia",2022-06-10,Maria Ohisalo in 2022.,ohisalo,../data/raw/ohisalo/6ad52dc0110cc5fe7c83a0a9a1e2f9a5ba30a9b5.jpg
File:Prime Minister Sanna Marin in Kyiv 10.3.2023 (52738336796).jpg,https://upload.wikimedia.org/wikipedia/commons/a/aa/Prime_Minister_Sanna_Marin_in_Kyiv_10.3.2023_%2852738336796%29.jpg?utm_source=commons.wikimedia.org&utm_campaign=imageinfo&utm_content=original,https://commons.wikimedia.org/wiki/File:Prime_Minister_Sanna_Marin_in_Kyiv_10.3.2023_(52738336796).jpg,4419,3072,image/jpeg,5ad5330ee762d0edcbc09805708ef6b84e232fec,2023-03-10T19:07:55Z,Sikander,CC BY 2.0,https://creativecommons.org/licenses/by/2.0,"© Rami Kurth, valtioneuvoston kanslia - FinnishGovernment",2023-03-10 17:11,"From left to right: Maria Ohisalo, Sanna Marin, Volodymyr Zelenskyi",ohisalo,../data/raw/ohisalo/5ad5330ee762d0edcbc09805708ef6b84e232fec.jpg
File:Prime Minister Sanna Marin in Kyiv 10.3.2023 (52738911689).jpg,https://upload.wikimedia.org/wikipedia/commons/7/7f/Prime_Minister_Sanna_Marin_in_Kyiv_10.3.2023_%2852738911689%29.jpg?utm_source=commons.wikimedia.org&utm_campaign=imageinfo&utm_content=original,https://commons.wikimedia.org/wiki/File:Prime_Minister_Sanna_Marin_in_Kyiv_10.3.2023_(52738911689).jpg,4608,3072,image/jpeg,de53d7cea8f640af4d577f88f4da74d00760e031,2023-03-10T19:08:19Z,Sikander,CC BY 2.0,https://creativecommons.org/licenses/by/2.0,"© Rami Kurth, valtioneuvoston kanslia - FinnishGovernment",,"From left to right: Sanna Marin, Maria Ohisalo",ohisalo,../data/raw/ohisalo/de53d7cea8f640af4d577f88f4da74d00760e031.jpg
File:Tasavallan presidentin esittely 23.3.2023 (52766411660).jpg,https://upload.wikimedia.org/wikipedia/commons/d/de/Tasavallan_presidentin_esittely_23.3.2023_%2852766411660%29.jpg?utm_source=commons.wikimedia.org&utm_campaign=imageinfo&utm_content=original,https://commons.wikimedia.org/wiki/File:Tasavallan_presidentin_esittely_23.3.2023_(52766411660).jpg,3500,2333,image/jpeg,b538d99042cad9145cc7be78633624601a96a8f8,2023-03-23T18:29:59Z,Sikander,CC BY 2.0,https://creativecommons.org/licenses/by/2.0,FinnishGovernment,2023-03-23 15:13,"Kuvassa vasemmalta oikealle: Tuomas Pöysti, Sauli Niinistö, Maria Ohisalo, Antti Kaikkonen, Timo Harakka. &lt;a href=""http://www.valtioneuvosto.fi/ajankohtaista/kuvapankki/kuvaoikeudet-flickr/fi.jsp"" rel=""noreferrer nofollow""&gt;Kuvien käyttöehdot&lt;/a&gt; - &lt;a href=""http://www.valtioneuvosto.fi/ajankohtaista/kuvapankki/kuvaoikeudet-flickr/sv.jsp"" rel=""noreferrer nofollow""&gt;Villkor för att använda bilderna&lt;/a&gt; - &lt;a href=""http://www.valtioneuvosto.fi/ajankohtaista/kuvapankki/kuvaoikeudet-flickr/en.jsp"" rel=""noreferrer nofollow""&gt;Use and rights&lt;/a&gt; © Fanni Uusitalo, valtioneuvoston kanslia",ohisalo,../data/raw/ohisalo/b538d99042cad9145cc7be78633624601a96a8f8.jpg
File:Tasavallan presidentin esittely 23.3.2023 (52766411705).jpg,https://upload.wikimedia.org/wikipedia/commons/c/c9/Tasavallan_presidentin_esittely_23.3.2023_%2852766411705%29.jpg?utm_source=commons.wikimedia.org&utm_campaign=imageinfo&utm_content=original,https://commons.wikimedia.org/wiki/File:Tasavallan_presidentin_esittely_23.3.2023_(52766411705).jpg,3500,2333,image/jpeg,0985bb0fdc1ed37d1d1200cb6ae96d2509e0b665,2023-03-23T18:30:00Z,Sikander,CC BY 2.0,https://creativecommons.org/licenses/by/2.0,FinnishGovernment,2023-03-23 15:13,"Kuvassa vasemmalta oikealle: Riikka Karjalainen, Sauli Niinistö, Tuomas Pöysti, Maria Ohisalo, Antti Kaikkonen, Timo Harakka. &lt;a href=""http://www.valtioneuvosto.fi/ajankohtaista/kuvapankki/kuvaoikeudet-flickr/fi.jsp"" rel=""noreferrer nofollow""&gt;Kuvien käyttöehdot&lt;/a&gt; - &lt;a href=""http://www.valtioneuvosto.fi/ajankohtaista/kuvapankki/kuvaoikeudet-flickr/sv.jsp"" rel=""noreferrer nofollow""&gt;Villkor för att använda bilderna&lt;/a&gt; - &lt;a href=""http://www.valtioneuvosto.fi/ajankohtaista/kuvapankki/kuvaoikeudet-flickr/en.jsp"" rel=""noreferrer nofollow""&gt;Use and rights&lt;/a&gt; © Fanni Uusitalo, valtioneuvoston kanslia",ohisalo,../data/raw/ohisalo/0985bb0fdc1ed37d1d1200cb6ae96d2509e0b665.jpg
"File:Vaalikauden päättäjäiset, hallituksen saapuminen Helsingin Tuomiokirkkoon 29.3.2023 (52778353407).jpg",https://upload.wikimedia.org/wikipedia/commons/a/a9/Vaalikauden_p%C3%A4%C3%A4tt%C3%A4j%C3%A4iset%2C_hallituksen_saapuminen_Helsingin_Tuomiokirkkoon_29.3.2023_%2852778353407%29.jpg?utm_source=commons.wikimedia.org&utm_campaign=imageinfo&utm_content=original,"https://commons.wikimedia.org/wiki/File:Vaalikauden_p%C3%A4%C3%A4tt%C3%A4j%C3%A4iset,_hallituksen_saapuminen_Helsingin_Tuomiokirkkoon_29.3.2023_(52778353407).jpg",6456,4304,image/jpeg,1422a1922bd78fcc688afabb575c03dfdf398530,2023-03-29T14:24:03Z,Sikander,CC BY 2.0,https://creativecommons.org/licenses/by/2.0,Stina Virkamäki/Valtioneuvoston kanslia - FinnishGovernment,2023-03-29 12:26,"The closing ceremony of the election period, the government's arrival at the Helsinki Cathedral",ohisalo,../data/raw/ohisalo/1422a1922bd78fcc688afabb575c03dfdf398530.jpg
File:Viisikko (viisikko-B-2).jpg,https://upload.wikimedia.org/wikipedia/commons/d/d7/Viisikko_%28viisikko-B-2%29.jpg?utm_source=commons.wikimedia.org&utm_campaign=imageinfo&utm_content=original,https://commons.wikimedia.org/wiki/File:Viisikko_(viisikko-B-2).jpg,3225,4320,image/jpeg,07bb6f8cfe883b41a2d8099b68032d42f4787b44,2023-05-16T05:58:48Z,Zache,CC BY 4.0,https://creativecommons.org/licenses/by/4.0,Laura Kotila,creation time: 2020-10-12; file modification time: 2020-09-12,Government / Viisikko / viisikko-B-2,ohisalo,../data/raw/ohisalo/07bb6f8cfe883b41a2d8099b68032d42f4787b44.jpg
File:Maria Ohisalo (Maria-Ohisalo-441A3398).jpg,https://upload.wikimedia.org/wikipedia/commons/b/be/Maria_Ohisalo_%28Maria-Ohisalo-441A3398%29.jpg?utm_source=commons.wikimedia.org&utm_campaign=imageinfo&utm_content=original,https://commons.wikimedia.org/wiki/File:Maria_Ohisalo_(Maria-Ohisalo-441A3398).jpg,4500,3000,image/jpeg,d69d61d7d21ebe8ebeed778e0c16cdf8b5e6195c,2023-05-16T12:06:45Z,Zache,CC BY 4.0,https://creativecommons.org/licenses/by/4.0,Fanni Uusitalo,creation time: 2022-10-06; file modification time: 2022-07-06,Ministers / Maria Ohisalo / Maria-Ohisalo-441A3398,ohisalo,../data/raw/ohisalo/d69d61d7d21ebe8ebeed778e0c16cdf8b5e6195c.jpg
File:Maria Ohisalo (Maria-Ohisalo-441A3324).jpg,https://upload.wikimedia.org/wikipedia/commons/3/32/Maria_Ohisalo_%28Maria-Ohisalo-441A3324%29.jpg?utm_source=commons.wikimedia.org&utm_campaign=imageinfo&utm_content=original,https://commons.wikimedia.org/wiki/File:Maria_Ohisalo_(Maria-Ohisalo-441A3324).jpg,3000,4500,image/jpeg,c44938ca812ff5d1e8fe542630615ef5eeb0d382,2023-05-16T12:07:39Z,Zache,CC BY 4.0,https://creativecommons.org/licenses/by/4.0,Fanni Uusitalo,creation time: 2022-17-06; file modification time: 2022-07-06,Ministers / Maria Ohisalo / Maria-Ohisalo-441A3324,ohisalo,../data/raw/ohisalo/c44938ca812ff5d1e8fe542630615ef5eeb0d382.jpg
File:Maria Ohisalo (Maria-Ohisalo-441A3334).jpg,https://upload.wikimedia.org/wikipedia/commons/9/91/Maria_Ohisalo_%28Maria-Ohisalo-441A3334%29.jpg?utm_source=commons.wikimedia.org&utm_campaign=imageinfo&utm_content=original,https://commons.wikimedia.org/wiki/File:Maria_Ohisalo_(Maria-Ohisalo-441A3334).jpg,3000,4500,image/jpeg,28a04d78d301b48c371faf6102c98cbdd94f624f,2023-05-16T12:08:03Z,Zache,CC BY 4.0,https://creativecommons.org/licenses/by/4.0,Fanni Uusitalo,creation time: 2022-17-06; file modification time: 2022-07-06,Ministers / Maria Ohisalo / Maria-Ohisalo-441A3334,ohisalo,../data/raw/ohisalo/28a04d78d301b48c371faf6102c98cbdd94f624f.jpg
File:Maria Ohisalo (Maria-Ohisalo-441A3412).jpg,https://upload.wikimedia.org/wikipedia/commons/e/ee/Maria_Ohisalo_%28Maria-Ohisalo-441A3412%29.jpg?utm_source=commons.wikimedia.org&utm_campaign=imageinfo&utm_content=original,https://commons.wikimedia.org/wiki/File:Maria_Ohisalo_(Maria-Ohisalo-441A3412).jpg,4500,3000,image/jpeg,c583c3a2c74bd63d2f8e5c713b95ed20f3950a81,2023-05-16T12:08:23Z,Zache,CC BY 4.0,https://creativecommons.org/licenses/by/4.0,Fanni Uusitalo,creation time: 2022-17-06; file modification time: 2022-07-06,Ministers / Maria Ohisalo / Maria-Ohisalo-441A3412,ohisalo,../data/raw/ohisalo/c583c3a2c74bd63d2f8e5c713b95ed20f3950a81.jpg
File:Viisikko (viisikko 2022-1).jpg,https://upload.wikimedia.org/wikipedia/commons/b/b7/Viisikko_%28viisikko_2022-1%29.jpg?utm_source=commons.wikimedia.org&utm_campaign=imageinfo&utm_content=original,https://commons.wikimedia.org/wiki/File:Viisikko_(viisikko_2022-1).jpg,5368,4480,image/jpeg,d03b7f6d765247017212f7b30c18ff2799c5b657,2023-05-16T14:26:21Z,Zache,CC BY 4.0,https://creativecommons.org/licenses/by/4.0,Lauri Heikkinen,creation time: 2022-12-09,Government / Viisikko / viisikko 2022-1,ohisalo,../data/raw/ohisalo/d03b7f6d765247017212f7b30c18ff2799c5b657.jpg
File:Viisikko (viisikko 2022-2).jpg,https://upload.wikimedia.org/wikipedia/commons/7/72/Viisikko_%28viisikko_2022-2%29.jpg?utm_source=commons.wikimedia.org&utm_campaign=imageinfo&utm_content=original,https://commons.wikimedia.org/wiki/File:Viisikko_(viisikko_2022-2).jpg,6720,4480,image/jpeg,f34096248892ae8d208d1c0fbf9a7409ed9856d1,2023-05-16T14:27:42Z,Zache,CC BY 4.0,https://creativecommons.org/licenses/by/4.0,Lauri Heikkinen,creation time: 2022-12-09,Government / Viisikko / viisikko 2022-2,ohisalo,../data/raw/ohisalo/f34096248892ae8d208d1c0fbf9a7409ed9856d1.jpg
File:Tasavallan presidentin esittely 23.3.2023 (52766411660) (cropped).jpg,https://upload.wikimedia.org/wikipedia/commons/e/e9/Tasavallan_presidentin_esittely_23.3.2023_%2852766411660%29_%28cropped%29.jpg?utm_source=commons.wikimedia.org&utm_campaign=imageinfo&utm_content=original,https://commons.wikimedia.org/wiki/File:Tasavallan_presidentin_esittely_23.3.2023_(52766411660)_(cropped).jpg,2130,1748,image/jpeg,b62b265c01abbfe61fe3fae048561ff82cb90744,2024-02-15T18:57:06Z,Anonyymipena,CC BY 2.0,https://creativecommons.org/licenses/by/2.0,FinnishGovernment,2023-03-23 15:13,"Kuvassa vasemmalta oikealle: Tuomas Pöysti, Sauli Niinistö, Maria Ohisalo, Antti Kaikkonen, Timo Harakka. &lt;a href=""http://www.valtioneuvosto.fi/ajankohtaista/kuvapankki/kuvaoikeudet-flickr/fi.jsp"" rel=""noreferrer nofollow""&gt;Kuvien käyttöehdot&lt;/a&gt; - &lt;a href=""http://www.valtioneuvosto.fi/ajankohtaista/kuvapankki/kuvaoikeudet-flickr/sv.jsp"" rel=""noreferrer nofollow""&gt;Villkor för att använda bilderna&lt;/a&gt; - &lt;a href=""http://www.valtioneuvosto.fi/ajankohtaista/kuvapankki/kuvaoikeudet-flickr/en.jsp"" rel=""noreferrer nofollow""&gt;Use and rights&lt;/a&gt; © Fanni Uusitalo, valtioneuvoston kanslia",ohisalo,../data/raw/ohisalo/b62b265c01abbfe61fe3fae048561ff82cb90744.jpg
"File:Visit by Dimitris Avramopoulos, Member of the EC, to Europol (P-041171-00-09).jpg",https://upload.wikimedia.org/wikipedia/commons/d/d9/Visit_by_Dimitris_Avramopoulos%2C_Member_of_the_EC%2C_to_Europol_%28P-041171-00-09%29.jpg?utm_source=commons.wikimedia.org&utm_campaign=imageinfo&utm_content=original,"https://commons.wikimedia.org/wiki/File:Visit_by_Dimitris_Avramopoulos,_Member_of_the_EC,_to_Europol_(P-041171-00-09).jpg",6096,4064,image/jpeg,7c36c7f3f2d7d85093d42259880559e4383c2753,2026-08-20T21:30:27Z,OptimusPrimeBot,CC BY 4.0,https://creativecommons.org/licenses/by/4.0,"Europäische Kommission - Audiovisueller Dienst, CE - Service audiovisuel, EC - Audiovisual Service, Robert Meerding, AFP-Services",Taken on 2 October 2019,"Dimitris Avramopoulos, Catherine De Bolle, and Maria Ohisalo, Finnish Minister for the Interior, in the foreground (from left to right)",ohisalo,../data/raw/ohisalo/7c36c7f3f2d7d85093d42259880559e4383c2753.jpg
File:Hallituksen tiedotustilaisuus koronavirustilanteesta 20.3.2020. (49678570708).jpg,https://upload.wikimedia.org/wikipedia/commons/b/bf/Hallituksen_tiedotustilaisuus_koronavirustilanteesta_20.3.2020._%2849678570708%29.jpg?utm_source=commons.wikimedia.org&utm_campaign=imageinfo&utm_content=original,https://commons.wikimedia.org/wiki/File:Hallituksen_tiedotustilaisuus_koronavirustilanteesta_20.3.2020._(49678570708).jpg,4000,2667,image/jpeg,a451181992e510fae8289a2625ad302e764b5058,2020-03-22T08:41:48Z,A1Cafel,CC BY 2.0,https://creativecommons.org/licenses/by/2.0,FinnishGovernment,2020-03-20 12:07,Hallitus esittää laajoja taloustoimia koronavirusepidemian haittojen minimoimiseksi. © Laura Kotila | valtioneuvoston kanslia,ohisalo,../data/raw/ohisalo/a451181992e510fae8289a2625ad302e764b5058.jpg
File:Marinin hallituksen nimitys 10.12.2019 (49199709842).jpg,https://upload.wikimedia.org/wikipedia/commons/5/5f/Marinin_hallituksen_nimitys_10.12.2019_%2849199709842%29.jpg?utm_source=commons.wikimedia.org&utm_campaign=imageinfo&utm_content=original,https://commons.wikimedia.org/wiki/File:Marinin_hallituksen_nimitys_10.12.2019_(49199709842).jpg,6120,3559,image/jpeg,2abb00e838ee3edbdb1de3810908ee8a851c2650,2020-04-22T13:34:44Z,Killarnee,CC BY 2.0,https://creativecommons.org/licenses/by/2.0,FinnishGovernment,2019-12-10 18:22,©Lauri Heikkinen/Valtioneuvoston kanslia,ohisalo,../data/raw/ohisalo/2abb00e838ee3edbdb1de3810908ee8a851c2650.jpg
File:Maria Ohisalo (m-7454).jpg,https://upload.wikimedia.org/wikipedia/commons/d/d2/Maria_Ohisalo_%28m-7454%29.jpg?utm_source=commons.wikimedia.org&utm_campaign=imageinfo&utm_content=original,https://commons.wikimedia.org/wiki/File:Maria_Ohisalo_(m-7454).jpg,4500,3000,image/jpeg,d98da7d7e964fe01d253ed0d50879eabb6de14bd,2023-05-16T09:25:45Z,Zache,CC BY 4.0,https://creativecommons.org/licenses/by/4.0,Laura Kotila,creation time: 2019-07-06; modification time: 2022-17-06,Ministers / Maria Ohisalo / m-7454,ohisalo,../data/raw/ohisalo/d98da7d7e964fe01d253ed0d50879eabb6de14bd.jpg
File:Maria Ohisalo (Maria-Ohisalo-441A3276).jpg,https://upload.wikimedia.org/wikipedia/commons/6/62/Maria_Ohisalo_%28Maria-Ohisalo-441A3276%29.jpg?utm_source=commons.wikimedia.org&utm_campaign=imageinfo&utm_content=original,https://commons.wikimedia.org/wiki/File:Maria_Ohisalo_(Maria-Ohisalo-441A3276).jpg,4500,3000,image/jpeg,3a141dbd4ea47859ec195909511f01bbf8269f0d,2023-05-16T12:07:17Z,Zache,CC BY 4.0,https://creativecommons.org/licenses/by/4.0,Fanni Uusitalo,creation time: 2022-17-06; file modification time: 2022-07-06,Ministers / Maria Ohisalo / Maria-Ohisalo-441A3276,ohisalo,../data/raw/ohisalo/3a141dbd4ea47859ec195909511f01bbf8269f0d.jpg
"File:Visit by Dimitris Avramopoulos, Member of the EC, to Europol (P-041171-00-03).jpg",https://upload.wikimedia.org/wikipedia/commons/c/c2/Visit_by_Dimitris_Avramopoulos%2C_Member_of_the_EC%2C_to_Europol_%28P-041171-00-03%29.jpg?utm_source=commons.wikimedia.org&utm_campaign=imageinfo&utm_content=original,"https://commons.wikimedia.org/wiki/File:Visit_by_Dimitris_Avramopoulos,_Member_of_the_EC,_to_Europol_(P-041171-00-03).jpg",5184,3456,image/jpeg,14a313d5d19ce24570b54a3b86e6cd4adff149ae,2026-08-20T21:29:11Z,OptimusPrimeBot,CC BY 4.0,https://creativecommons.org/licenses/by/4.0,"Europäische Kommission - Audiovisueller Dienst, CE - Service audiovisuel, EC - Audiovisual Service, Robert Meerding, AFP-Services",Taken on 2 October 2019,"Group photo with Maria Ohisalo, Finnish Minister for the Interior, 2nd, Catherine De Bolle, 3rd, and Dimitris Avramopoulos, 4th (from left to right)",ohisalo,../data/raw/ohisalo/14a313d5d19ce24570b54a3b86e6cd4adff149ae.jpg
"File:Visit by Dimitris Avramopoulos, Member of the EC, to Europol (P-041171-00-08).jpg",https://upload.wikimedia.org/wikipedia/commons/8/8e/Visit_by_Dimitris_Avramopoulos%2C_Member_of_the_EC%2C_to_Europol_%28P-041171-00-08%29.jpg?utm_source=commons.wikimedia.org&utm_campaign=imageinfo&utm_content=original,"https://commons.wikimedia.org/wiki/File:Visit_by_Dimitris_Avramopoulos,_Member_of_the_EC,_to_Europol_(P-041171-00-08).jpg",6252,4168,image/jpeg,fde0bd4554559cb7d02f014a9a1654576732cb8b,2026-08-20T21:30:19Z,OptimusPrimeBot,CC BY 4.0,https://creativecommons.org/licenses/by/4.0,"Europäische Kommission - Audiovisueller Dienst, CE - Service audiovisuel, EC - Audiovisual Service, Robert Meerding, AFP-Services",Taken on 2 October 2019,"Maria Ohisalo, Finnish Minister for the Interior, 1st, Catherine De Bolle, 2nd, and Dimitris Avramopoulos, 3rd (from left to right)",ohisalo,../data/raw/ohisalo/fde0bd4554559cb7d02f014a9a1654576732cb8b.jpg
"File:Visit by Dimitris Avramopoulos, Member of the EC, to Europol (P-041171-00-10).jpg",https://upload.wikimedia.org/wikipedia/commons/3/33/Visit_by_Dimitris_Avramopoulos%2C_Member_of_the_EC%2C_to_Europol_%28P-041171-00-10%29.jpg?utm_source=commons.wikimedia.org&utm_campaign=imageinfo&utm_content=original,"https://commons.wikimedia.org/wiki/File:Visit_by_Dimitris_Avramopoulos,_Member_of_the_EC,_to_Europol_(P-041171-00-10).jpg",3358,2239,image/jpeg,6cd2350e8f1f2780ac65dacbe2830d787746c67f,2026-08-20T21:30:31Z,OptimusPrimeBot,CC BY 4.0,https://creativecommons.org/licenses/by/4.0,"Europäische Kommission - Audiovisueller Dienst, CE - Service audiovisuel, EC - Audiovisual Service, Robert Meerding, AFP-Services",Taken on 2 October 2019,"Handshake between Maria Ohisalo, Finnish Minister for the Interior, on the left, and Dimitris Avramopoulos, in the presence of Catherine De Bolle, 2nd from the right",ohisalo,../data/raw/ohisalo/6cd2350e8f1f2780ac65dacbe2830d787746c67f.jpg
